Date,Open,High,Low,Close,Adj Close,Volume,polarity,subjectivity
2017-06-25,2607.25,2682.26001,2552.120117,2589.409912,2589.409912,1161100032,0.12228417717548151,0.4773351527699354
2017-06-26,2590.570068,2615.25,2376.290039,2478.449951,2478.449951,1663280000,0.0717486124986125,0.3996447163947164
2017-06-27,2478.449951,2552.449951,2332.98999,2552.449951,2552.449951,1489789952,0.14098266777710136,0.3417212583423521
2017-06-28,2553.030029,2603.97998,2484.419922,2574.790039,2574.790039,1183869952,0.14801109097620724,0.4002137655626028
2017-06-29,2567.560059,2588.830078,2510.47998,2539.320068,2539.320068,949979008,0.13503399406094016,0.373445259553044
2017-06-30,2539.23999,2559.25,2478.429932,2480.840088,2480.840088,860273024,0.1498727306285446,0.32618561025537773
2017-07-01,2492.600098,2515.27002,2419.22998,2434.550049,2434.550049,779913984,0.15637410940336996,0.3369104265798481
2017-07-02,2436.399902,2514.280029,2394.840088,2506.469971,2506.469971,803747008,0.12314902733534809,0.332937869258624
2017-07-03,2498.560059,2595.0,2480.469971,2564.060059,2564.060059,964112000,0.15301554890422078,0.3644131324404762
2017-07-04,2561.0,2631.590088,2559.350098,2601.639893,2601.639893,985516032,0.2447217875832334,0.39951859385594324
2017-07-05,2602.870117,2622.649902,2538.550049,2601.98999,2601.98999,941566016,0.11572199890057033,0.3456348519205662
2017-07-06,2608.100098,2616.719971,2581.689941,2608.560059,2608.560059,761956992,0.14884481925795484,0.35842957419228605
2017-07-07,2608.590088,2916.139893,2498.870117,2518.659912,2518.659912,917411968,0.12587562129228794,0.327554379776602
2017-07-08,2520.27002,2571.340088,2492.310059,2571.340088,2571.340088,733329984,0.14968660576711423,0.33402108249565876
2017-07-09,2572.610107,2635.48999,2517.590088,2518.439941,2518.439941,527856000,0.08896791039648183,0.3328921871779015
2017-07-10,2525.25,2537.159912,2321.129883,2372.560059,2372.560059,1111200000,0.1640856217195503,0.3506298463441321
2017-07-11,2385.889893,2413.469971,2296.810059,2337.790039,2337.790039,1329760000,0.14296399105559413,0.35444624819624815
2017-07-12,2332.77002,2423.709961,2275.139893,2398.840088,2398.840088,1117410048,0.12401886209029066,0.3367016079158936
2017-07-13,2402.699951,2425.219971,2340.830078,2357.899902,2357.899902,835769984,0.1351865243342516,0.40831518649700466
2017-07-14,2360.590088,2363.25,2183.219971,2233.340088,2233.340088,882502976,0.16068428136976523,0.35473789352821605
2017-07-15,2230.120117,2231.139893,1990.410034,1998.859985,1998.859985,993608000,0.1731898456898457,0.35887159887159886
2017-07-16,1991.97998,2058.77002,1843.030029,1929.819946,1929.819946,1182870016,0.1582473697188887,0.3296463733172594
2017-07-17,1932.619995,2230.48999,1932.619995,2228.409912,2228.409912,1201760000,0.1544406549108384,0.3649346677787044
2017-07-18,2233.52002,2387.610107,2164.77002,2318.879883,2318.879883,1512450048,0.12502368851261256,0.3765155510804245
2017-07-19,2323.080078,2397.169922,2260.22998,2273.429932,2273.429932,1245100032,0.09249691974691975,0.4185070762570763
2017-07-20,2269.889893,2900.699951,2269.889893,2817.600098,2817.600098,2249260032,0.18925269645608628,0.4000657299386113
2017-07-21,2838.409912,2838.409912,2621.850098,2667.76001,2667.76001,1489449984,0.14068490808708198,0.40817648535039835
2017-07-22,2668.629883,2862.419922,2657.709961,2810.120117,2810.120117,1177129984,0.14395485977169145,0.39883388338833886
2017-07-23,2808.100098,2832.179932,2653.939941,2730.399902,2730.399902,1072840000,0.1349088440798967,0.4261641983747247
2017-07-24,2732.699951,2777.26001,2699.189941,2754.860107,2754.860107,866473984,0.14576017851506134,0.41524278499278494
2017-07-25,2757.5,2768.080078,2480.959961,2576.47998,2576.47998,1460089984,0.1405951540042449,0.4359119247755611
2017-07-26,2577.77002,2610.76001,2450.800049,2529.449951,2529.449951,937404032,0.1392102094293216,0.4482222413348241
2017-07-27,2538.709961,2693.320068,2529.340088,2671.780029,2671.780029,789104000,0.1642593378146142,0.4121484043594596
2017-07-28,2679.72998,2897.449951,2679.72998,2809.01001,2809.01001,1380099968,0.1985128289983662,0.45797994705019496
2017-07-29,2807.02002,2808.76001,2692.800049,2726.449951,2726.449951,803745984,0.1922458225108225,0.4174350937950938
2017-07-30,2724.389893,2758.530029,2644.850098,2757.179932,2757.179932,705942976,0.1879424202340869,0.41520433089060543
2017-07-31,2763.23999,2889.620117,2720.610107,2875.340088,2875.340088,860574976,0.23688231032743226,0.43721134105280446
2017-08-01,2871.300049,2921.350098,2685.610107,2718.26001,2718.26001,1324669952,0.17504651663036755,0.3972568930954024
2017-08-02,2727.129883,2762.530029,2668.590088,2710.669922,2710.669922,1094950016,0.2144102995376881,0.39627365557301863
2017-08-03,2709.560059,2813.310059,2685.139893,2804.72998,2804.72998,804796992,0.19142340067340066,0.37339790764790765
2017-08-04,2806.929932,2899.330078,2743.719971,2895.889893,2895.889893,1002120000,0.20889080459770115,0.4261156640294571
2017-08-05,2897.629883,3290.01001,2874.830078,3252.909912,3252.909912,1945699968,0.17946414229096522,0.4163471721180054
2017-08-06,3257.610107,3293.290039,3155.600098,3213.939941,3213.939941,1105030016,0.21029302975505507,0.4099382157926462
2017-08-07,3212.780029,3397.679932,3180.889893,3378.939941,3378.939941,1482279936,0.20245670995670997,0.41834763384763385
2017-08-08,3370.219971,3484.850098,3345.830078,3419.939941,3419.939941,1752760064,0.16319823318627147,0.405218573292736
2017-08-09,3420.399902,3422.76001,3247.669922,3342.469971,3342.469971,1468960000,0.1334365353352695,0.43965985959656845
2017-08-10,3341.840088,3453.449951,3319.469971,3381.280029,3381.280029,1515110016,0.13169549462882796,0.42223916947250284
2017-08-11,3373.820068,3679.719971,3372.120117,3650.620117,3650.620117,2021190016,0.13719445346320347,0.42446468253968256
2017-08-12,3650.629883,3949.919922,3613.699951,3884.709961,3884.709961,2219589888,0.16975100849954822,0.42351738344729
2017-08-13,3880.040039,4208.390137,3857.800049,4073.26001,4073.26001,3159089920,0.1737509445403884,0.5084300226568774
2017-08-14,4066.100098,4325.129883,3989.159912,4325.129883,4325.129883,2463089920,0.156788846142442,0.4417564259687547
2017-08-15,4326.990234,4455.970215,3906.179932,4181.930176,4181.930176,3258050048,0.17647932622932624,0.4321765086765087
2017-08-16,4200.339844,4381.22998,3994.419922,4376.629883,4376.629883,2272039936,0.18027736911525974,0.42501318993506493
2017-08-17,4384.439941,4484.700195,4243.709961,4331.689941,4331.689941,2553359872,0.1726872394580728,0.41379375015525255
2017-08-18,4324.339844,4370.129883,4015.399902,4160.620117,4160.620117,2941710080,0.20920999390071554,0.454020618556701
2017-08-19,4137.75,4243.259766,3970.550049,4193.700195,4193.700195,2975820032,0.22193703703703704,0.42779432419432417
2017-08-20,4189.310059,4196.290039,4069.879883,4087.659912,4087.659912,2109769984,0.22690832098550218,0.4281130092875059
2017-08-21,4090.47998,4109.140137,3988.600098,4001.73999,4001.73999,2800890112,0.23995380158170854,0.4464319272458807
2017-08-22,3998.350098,4128.759766,3674.580078,4100.52002,4100.52002,3764239872,0.16586591296337058,0.42801524119320733
2017-08-23,4089.01001,4255.779785,4078.409912,4151.52002,4151.52002,2369819904,0.2049497029163125,0.4610381785895485
2017-08-24,4137.600098,4376.390137,4130.259766,4334.680176,4334.680176,2037750016,0.2010762506012506,0.4579234888568222
2017-08-25,4332.819824,4455.700195,4307.350098,4371.600098,4371.600098,1727970048,0.22134709369497363,0.4947273394740355
2017-08-26,4372.060059,4379.279785,4269.52002,4352.399902,4352.399902,1511609984,0.18551207482993196,0.4700362399505257
2017-08-27,4345.100098,4416.589844,4317.290039,4382.879883,4382.879883,1537459968,0.21255852943352943,0.43075995763495767
2017-08-28,4384.450195,4403.930176,4224.640137,4382.660156,4382.660156,1959330048,0.24153162338726497,0.5096451770124336
2017-08-29,4389.209961,4625.680176,4352.129883,4579.02002,4579.02002,2486080000,0.2079865539240539,0.5043072943072943
2017-08-30,4570.359863,4626.52002,4471.410156,4565.299805,4565.299805,1937849984,0.17667783013057403,0.43703260831309615
2017-08-31,4555.589844,4736.049805,4549.399902,4703.390137,4703.390137,1944930048,0.17384691432064042,0.4734939878769497
2017-09-01,4701.759766,4892.009766,4678.529785,4892.009766,4892.009766,2599079936,0.16815404047845262,0.42945118321355946
2017-09-02,4901.419922,4975.040039,4469.240234,4578.77002,4578.77002,2722139904,0.19184692883001153,0.45544871829646266
2017-09-03,4585.27002,4714.080078,4417.589844,4582.959961,4582.959961,1933190016,0.14713817973708546,0.45548714457384487
2017-09-04,4591.629883,4591.629883,4108.399902,4236.310059,4236.310059,2987330048,0.1827451083035322,0.44598860237990673
2017-09-05,4228.290039,4427.839844,3998.110107,4376.529785,4376.529785,2697969920,0.17683523977063303,0.43507448751830774
2017-09-06,4376.589844,4617.25,4376.589844,4597.120117,4597.120117,2172100096,0.19267182492831844,0.4174852888813928
2017-09-07,4589.140137,4655.040039,4491.330078,4599.879883,4599.879883,1844620032,0.19151663202824706,0.40140489918144784
2017-09-08,4605.160156,4661.0,4075.179932,4228.75,4228.75,2700890112,0.19366381332430715,0.4409172263493251
2017-09-09,4229.810059,4308.819824,4114.109863,4226.060059,4226.060059,1386230016,0.1716302880288029,0.39982024988213105
2017-09-10,4229.339844,4245.439941,3951.040039,4122.939941,4122.939941,1679090048,0.16197560305967384,0.3948529543219809
2017-09-11,4122.470215,4261.669922,4099.399902,4161.27002,4161.27002,1557330048,0.15765599421586815,0.4219420950198261
2017-09-12,4168.879883,4344.649902,4085.219971,4130.810059,4130.810059,1864530048,0.18617770253957025,0.41329696352069895
2017-09-13,4131.97998,4131.97998,3789.919922,3882.590088,3882.590088,2219409920,0.16509507719695357,0.4168676400484436
2017-09-14,3875.370117,3920.600098,3153.860107,3154.949951,3154.949951,2716310016,0.18244891785628395,0.41132172060743494
2017-09-15,3166.300049,3733.449951,2946.620117,3637.52002,3637.52002,4148069888,0.1677788132649244,0.424748810859922
2017-09-16,3637.75,3808.840088,3487.790039,3625.040039,3625.040039,1818400000,0.15940909865958694,0.43202588102002165
2017-09-17,3606.280029,3664.810059,3445.639893,3582.879883,3582.879883,1239149952,0.18674574793892976,0.440235730178912
2017-09-18,3591.090088,4079.22998,3591.090088,4065.199951,4065.199951,1943209984,0.17969381628472536,0.42164106516379246
2017-09-19,4073.790039,4094.070068,3868.870117,3924.969971,3924.969971,1563980032,0.19934346694135852,0.4571535347740167
2017-09-20,3916.360107,4031.389893,3857.72998,3905.949951,3905.949951,1213830016,0.17073221320966164,0.4324577389010379
2017-09-21,3901.469971,3916.419922,3613.629883,3631.040039,3631.040039,1411480064,0.16952577545505176,0.4026973842434369
2017-09-22,3628.02002,3758.27002,3553.530029,3630.699951,3630.699951,1194829952,0.1523056124226075,0.3717291137980793
2017-09-23,3629.919922,3819.209961,3594.580078,3792.399902,3792.399902,928113984,0.14583128852714106,0.41597863094406873
2017-09-24,3796.149902,3796.149902,3666.899902,3682.840088,3682.840088,768014976,0.1713038156494221,0.4329749492806424
2017-09-25,3681.580078,3950.25,3681.580078,3926.070068,3926.070068,1374210048,0.19781501831501833,0.41866408428173135
2017-09-26,3928.409912,3969.889893,3869.899902,3892.350098,3892.350098,1043740032,0.16379837672653236,0.42966420743381534
2017-09-27,3892.939941,4210.049805,3884.820068,4200.669922,4200.669922,1686880000,0.20365175871545296,0.41948201303296845
2017-09-28,4197.129883,4279.310059,4109.700195,4174.72998,4174.72998,1712320000,0.1719416767310789,0.4397068380492294
2017-09-29,4171.620117,4214.629883,4039.290039,4163.069824,4163.069824,1367049984,0.16673679887259024,0.4459279502804682
2017-09-30,4166.109863,4358.430176,4160.859863,4338.709961,4338.709961,1207449984,0.14190881597676655,0.4213151448035169
2017-10-01,4341.049805,4403.740234,4269.810059,4403.740234,4403.740234,1208210048,0.19927249134473468,0.418332400594758
2017-10-02,4395.810059,4470.22998,4377.459961,4409.319824,4409.319824,1431730048,0.18488820312826765,0.4102387879833532
2017-10-03,4408.459961,4432.470215,4258.890137,4317.47998,4317.47998,1288019968,0.17880765413988003,0.4127326300499058
2017-10-04,4319.370117,4352.310059,4210.419922,4229.359863,4229.359863,1116770048,0.17009095714298506,0.41212750606367626
2017-10-05,4229.879883,4362.640137,4164.049805,4328.410156,4328.410156,1161769984,0.16793062059790684,0.4367347666790046
2017-10-06,4324.459961,4413.27002,4320.529785,4370.810059,4370.810059,1069939968,0.1797416611166611,0.39802274114774117
2017-10-07,4369.350098,4443.879883,4321.049805,4426.890137,4426.890137,906928000,0.1576961294076293,0.49501622276076845
2017-10-08,4429.669922,4624.140137,4405.640137,4610.47998,4610.47998,1313869952,0.18353394902079193,0.49990567232598754
2017-10-09,4614.52002,4878.709961,4564.25,4772.02002,4772.02002,1968739968,0.1723964697389863,0.5072885383475101
2017-10-10,4776.209961,4922.169922,4765.100098,4781.990234,4781.990234,1597139968,0.1620239666935302,0.5044986278729895
2017-10-11,4789.25,4873.72998,4751.629883,4826.47998,4826.47998,1222279936,0.17016892875024628,0.493749988931918
2017-10-12,4829.580078,5446.910156,4822.0,5446.910156,5446.910156,2791610112,0.16624732179295124,0.4289812367864693
2017-10-13,5464.160156,5840.299805,5436.850098,5647.209961,5647.209961,3615480064,0.17164829312712376,0.43191925010473403
2017-10-14,5643.529785,5837.700195,5591.640137,5831.790039,5831.790039,1669030016,0.17079807949416576,0.4306379288088554
2017-10-15,5835.959961,5852.47998,5478.609863,5678.189941,5678.189941,1976039936,0.17409298403616585,0.42081868888687074
2017-10-16,5687.569824,5776.22998,5544.209961,5725.589844,5725.589844,2008070016,0.15031255076784877,0.41055354873235667
2017-10-17,5741.580078,5800.350098,5472.720215,5605.509766,5605.509766,1821570048,0.15352889445858198,0.41292299320424325
2017-10-18,5603.819824,5603.819824,5151.439941,5590.689941,5590.689941,2399269888,0.1590517183709148,0.40547058761344473
2017-10-19,5583.740234,5744.350098,5531.060059,5708.52002,5708.52002,1780540032,0.1678616127122103,0.3786019989306842
2017-10-20,5708.109863,6060.109863,5627.22998,6011.450195,6011.450195,2354429952,0.15219003458227598,0.3975459075566834
2017-10-21,5996.790039,6194.879883,5965.069824,6031.600098,6031.600098,2207099904,0.18517038137856154,0.3915642984466514
2017-10-22,6036.660156,6076.259766,5792.339844,6008.419922,6008.419922,2034630016,0.16819389547650415,0.3751629389129389
2017-10-23,6006.0,6075.589844,5732.470215,5930.319824,5930.319824,2401840128,0.1912621382612821,0.42132169707512174
2017-10-24,5935.52002,5935.52002,5504.180176,5526.640137,5526.640137,2735699968,0.183132805064321,0.41081748334407914
2017-10-25,5524.600098,5754.330078,5397.879883,5750.799805,5750.799805,1966989952,0.17579256049766612,0.4189900344829922
2017-10-26,5747.950195,5976.799805,5721.220215,5904.830078,5904.830078,1905040000,0.1758868702219766,0.42527741958593024
2017-10-27,5899.740234,5988.390137,5728.819824,5780.899902,5780.899902,1710130048,0.18704983634251926,0.43696029986273893
2017-10-28,5787.819824,5876.720215,5689.189941,5753.089844,5753.089844,1403920000,0.15542156403267515,0.4372777428332984
2017-10-29,5754.439941,6255.709961,5724.580078,6153.850098,6153.850098,2859040000,0.15672651179230127,0.41937036647562964
2017-10-30,6114.850098,6214.990234,6040.850098,6130.529785,6130.529785,1772150016,0.17707580266955267,0.43120167877757165
2017-10-31,6132.02002,6470.430176,6103.330078,6468.399902,6468.399902,2311379968,0.1685313461173553,0.4300155994192691
2017-11-01,6440.970215,6767.310059,6377.879883,6767.310059,6767.310059,2870320128,0.15368571150050928,0.4104015735081912
2017-11-02,6777.77002,7367.330078,6758.720215,7078.5,7078.5,4653770240,0.16361625607988756,0.42609696098920236
2017-11-03,7087.529785,7461.290039,7002.939941,7207.759766,7207.759766,3369860096,0.17514992837693133,0.4203250014080875
2017-11-04,7164.47998,7492.859863,7031.279785,7379.950195,7379.950195,2483800064,0.1812970157703304,0.3930792948208679
2017-11-05,7404.52002,7617.47998,7333.189941,7407.410156,7407.410156,2380410112,0.15908105993333266,0.40300811982630164
2017-11-06,7403.220215,7445.77002,7007.310059,7022.759766,7022.759766,3111899904,0.14915114176122699,0.426149116298264
2017-11-07,7023.100098,7253.319824,7023.100098,7144.379883,7144.379883,2326340096,0.1761788684780714,0.43339467047928115
2017-11-08,7141.379883,7776.419922,7114.02002,7459.689941,7459.689941,4602200064,0.18116680997226112,0.4182734777058085
2017-11-09,7446.830078,7446.830078,7101.52002,7143.580078,7143.580078,3226249984,0.18039548801140518,0.38884736866190117
2017-11-10,7173.72998,7312.0,6436.870117,6618.140137,6618.140137,5208249856,0.19519188788225358,0.38478860658991665
2017-11-11,6618.609863,6873.149902,6204.220215,6357.600098,6357.600098,4908680192,0.14575419868139006,0.4018091211462581
2017-11-12,6295.450195,6625.049805,5519.009766,5950.069824,5950.069824,8957349888,0.1783956070417513,0.4110078222404093
2017-11-13,5938.25,6811.189941,5844.290039,6559.490234,6559.490234,6263249920,0.17169464144406543,0.3974030296380527
2017-11-14,6561.47998,6764.97998,6461.75,6635.75,6635.75,3197110016,0.2132747309751774,0.4167508749008749
2017-11-15,6634.759766,7342.25,6634.759766,7315.540039,7315.540039,4200880128,0.20593021126528732,0.40323105443352597
2017-11-16,7323.240234,7967.379883,7176.580078,7871.689941,7871.689941,5123809792,0.1797966469837093,0.4092033210590634
2017-11-17,7853.569824,8004.589844,7561.089844,7708.990234,7708.990234,4651670016,0.20103018278018275,0.41598725981620716
2017-11-18,7697.209961,7884.990234,7463.439941,7790.149902,7790.149902,3667190016,0.18912216426560688,0.4219265054920792
2017-11-19,7766.029785,8101.910156,7694.100098,8036.490234,8036.490234,3149319936,0.17557233567559655,0.39710099441621177
2017-11-20,8039.069824,8336.860352,7949.359863,8200.639648,8200.639648,3488450048,0.1902579866321151,0.40105409818158827
2017-11-21,8205.740234,8348.660156,7762.709961,8071.259766,8071.259766,4277609984,0.18543063616277902,0.4062339019005686
2017-11-22,8077.950195,8302.259766,8075.470215,8253.549805,8253.549805,3633530112,0.19541632160626862,0.3883140103829759
2017-11-23,8232.379883,8267.400391,8038.77002,8038.77002,8038.77002,4225179904,0.16487266206016207,0.3890716201010319
2017-11-24,8074.02002,8374.160156,7940.930176,8253.69043,8253.69043,5058610176,0.18547708214217648,0.3788325573797272
2017-11-25,8241.709961,8790.919922,8191.149902,8790.919922,8790.919922,4342060032,0.15644235197672698,0.3927030229030229
2017-11-26,8789.040039,9522.929688,8775.589844,9330.549805,9330.549805,5475579904,0.19673759725877665,0.4179573659390935
2017-11-27,9352.719727,9818.349609,9352.719727,9818.349609,9818.349609,5653320192,0.16406866585971333,0.4161871546637433
2017-11-28,9823.429688,10125.700195,9736.299805,10058.799805,10058.799805,6348819968,0.20561672692243346,0.4205899699636113
2017-11-29,10077.400391,11517.400391,9601.030273,9888.610352,9888.610352,11568799744,0.15020718645096265,0.44187567750984946
2017-11-30,9906.790039,10801.0,9202.049805,10233.599609,10233.599609,8310689792,0.1879661209927038,0.3949172209058095
2017-12-01,10198.599609,11046.700195,9694.650391,10975.599609,10975.599609,6783119872,0.18665348665839282,0.42796243271328593
2017-12-02,10978.299805,11320.200195,10905.099609,11074.599609,11074.599609,5138500096,0.20252623862807054,0.4135166456574503
2017-12-03,11082.700195,11858.700195,10862.0,11323.200195,11323.200195,6608309760,0.19194042384200805,0.4254336916619903
2017-12-04,11315.400391,11657.200195,11081.799805,11657.200195,11657.200195,6132409856,0.21243731574220504,0.4379892050002751
2017-12-05,11685.700195,12032.0,11604.599609,11916.700195,11916.700195,6895260160,0.12511452082528307,0.4422979861651949
2017-12-06,11923.400391,14369.099609,11923.400391,14291.5,14291.5,12656300032,0.07759782278117895,0.4456780791546417
2017-12-07,14266.099609,17899.699219,14057.299805,17899.699219,17899.699219,17950699520,0.07081029352742015,0.4484613684776022
2017-12-08,17802.900391,18353.400391,14336.900391,16569.400391,16569.400391,21135998976,0.15600349605297606,0.5178481789559799
2017-12-09,16523.300781,16783.0,13674.900391,15178.200195,15178.200195,13911300096,0.1608201977476788,0.5196742655891822
2017-12-10,15168.400391,15850.599609,13226.599609,15455.400391,15455.400391,13433299968,0.17361118778412982,0.4243650719927968
2017-12-11,15427.400391,17513.900391,15404.799805,16936.800781,16936.800781,12153900032,0.16364974507552635,0.41860914094173024
2017-12-12,16919.800781,17781.800781,16571.599609,17415.400391,17415.400391,14603799552,0.12569684098704198,0.4073424876003393
2017-12-13,17500.0,17653.099609,16039.700195,16408.199219,16408.199219,12976900096,0.11593724121430307,0.40202000861633597
2017-12-14,16384.599609,17085.800781,16185.900391,16564.0,16564.0,13777399808,0.1180714619823276,0.4200207221820418
2017-12-15,16601.300781,18154.099609,16601.300781,17706.900391,17706.900391,14309999616,0.09637435120369517,0.4102134866053306
2017-12-16,17760.300781,19716.699219,17515.300781,19497.400391,19497.400391,12740599808,0.13822063858928266,0.4153363171668257
2017-12-17,19475.800781,20089.0,18974.099609,19140.800781,19140.800781,13314599936,0.1943798407735069,0.40076075956109514
2017-12-18,19106.400391,19371.0,18355.900391,19114.199219,19114.199219,14839499776,0.20235601273218828,0.432639395899584
2017-12-19,19118.300781,19177.800781,17275.400391,17776.699219,17776.699219,16894499840,0.14268007365494648,0.4318230418806
2017-12-20,17760.300781,17934.699219,16077.700195,16624.599609,16624.599609,22149699584,0.10857819064157975,0.43777413933276466
2017-12-21,16642.400391,17567.699219,15342.700195,15802.900391,15802.900391,16516599808,0.1388180147146541,0.436961819393863
2017-12-22,15898.0,15943.400391,11833.0,13831.799805,13831.799805,22197999616,0.1196481028694465,0.4346295067861363
2017-12-23,13948.700195,15603.200195,13828.799805,14699.200195,14699.200195,13086000128,0.11343301267124617,0.4235067375348549
2017-12-24,14608.200195,14626.0,12747.700195,13925.799805,13925.799805,11572299776,0.13253127031498244,0.4118561418659903
2017-12-25,13995.900391,14593.0,13448.900391,14026.599609,14026.599609,10664699904,0.1526091528883479,0.4061647410286866
2017-12-26,14036.599609,16461.199219,14028.900391,16099.799805,16099.799805,13454300160,0.1454889581491233,0.4249577933034653
2017-12-27,16163.5,16930.900391,15114.299805,15838.5,15838.5,12487600128,0.13246669710165285,0.4450366629846718
2017-12-28,15864.099609,15888.400391,13937.299805,14606.5,14606.5,12336499712,0.12175258339107459,0.42584968814429164
2017-12-29,14695.799805,15279.0,14307.0,14656.200195,14656.200195,13025500160,0.13699300136784512,0.43394984788359786
2017-12-30,14681.900391,14681.900391,12350.099609,12952.200195,12952.200195,14452599808,0.1465997666640118,0.4129630145527873
2017-12-31,12897.700195,14377.400391,12755.599609,14156.400391,14156.400391,12136299520,0.1426707689248539,0.4186350773006547
2018-01-01,14112.200195,14112.200195,13154.700195,13657.200195,13657.200195,10291200000,0.12014012438371813,0.4603373833573834
2018-01-02,13625.0,15444.599609,13163.599609,14982.099609,14982.099609,16846600192,0.1338803543064134,0.450836196443414
2018-01-03,14978.200195,15572.799805,14844.5,15201.0,15201.0,16871900160,0.15390583135699476,0.4331000383294756
2018-01-04,15270.700195,15739.700195,14522.200195,15599.200195,15599.200195,21783199744,0.1549136488796446,0.44533363134668486
2018-01-05,15477.200195,17705.199219,15202.799805,17429.5,17429.5,23840899072,0.11593850912634598,0.42344579960147954
2018-01-06,17462.099609,17712.400391,16764.599609,17527.0,17527.0,18314600448,0.12031893532891479,0.45941448139136704
2018-01-07,17527.300781,17579.599609,16087.700195,16477.599609,16477.599609,15866000384,0.1069118290458674,0.405854913864867
2018-01-08,16476.199219,16537.900391,14208.200195,15170.099609,15170.099609,18413899776,0.12421719065707446,0.4126804977564165
2018-01-09,15123.700195,15497.5,14424.0,14595.400391,14595.400391,16659999744,0.11149331740258261,0.4133885593832131
2018-01-10,14588.5,14973.299805,13691.200195,14973.299805,14973.299805,18500800512,0.13240476479286523,0.41740538442230585
2018-01-11,14968.200195,15018.799805,13105.900391,13405.799805,13405.799805,16534099968,0.17413144986359272,0.44596439541082394
2018-01-12,13453.900391,14229.900391,13158.099609,13980.599609,13980.599609,12065699840,0.15268568052824497,0.44575761694169397
2018-01-13,13952.400391,14659.5,13952.400391,14360.200195,14360.200195,12763599872,0.1265116987026454,0.4320628010333893
2018-01-14,14370.799805,14511.799805,13268.0,13772.0,13772.0,11084099584,0.10954707927768273,0.4254641319727526
2018-01-15,13767.299805,14445.5,13641.700195,13819.799805,13819.799805,12750799872,0.13257875399522595,0.4186868129274671
2018-01-16,13836.099609,13843.099609,10194.900391,11490.5,11490.5,18853799936,0.1085912914769415,0.43610408993352456
2018-01-17,11431.099609,11678.0,9402.290039,11188.599609,11188.599609,18830600192,0.12898469168453972,0.4307955458212435
2018-01-18,11198.799805,12107.299805,10942.5,11474.900391,11474.900391,15020399616,0.1436116885382625,0.42902668228907725
2018-01-19,11429.799805,11992.799805,11172.099609,11607.400391,11607.400391,10740400128,0.12156816318699197,0.42387235146583885
2018-01-20,11656.200195,13103.0,11656.200195,12899.200195,12899.200195,11801700352,0.14013806325541678,0.42418891806806497
2018-01-21,12889.200195,12895.900391,11288.200195,11600.099609,11600.099609,9935179776,0.11628473135087963,0.4006455956691806
2018-01-22,11633.099609,11966.400391,10240.200195,10931.400391,10931.400391,10537400320,0.13711149526379776,0.4248555612506312
2018-01-23,10944.5,11377.599609,10129.700195,10868.400391,10868.400391,9660609536,0.13008299083269673,0.43149096935743997
2018-01-24,10903.400391,11501.400391,10639.799805,11359.400391,11359.400391,9940989952,0.1236371505862785,0.4147658435449133
2018-01-25,11421.700195,11785.700195,11057.400391,11259.400391,11259.400391,8873169920,0.12019412402186792,0.39975133374980937
2018-01-26,11256.0,11656.700195,10470.299805,11171.400391,11171.400391,9746199552,0.1327788939437967,0.4116161134610791
2018-01-27,11174.900391,11614.900391,10989.200195,11440.700195,11440.700195,7583269888,0.12002508223684209,0.4227605424546214
2018-01-28,11475.299805,12040.299805,11475.299805,11786.299805,11786.299805,8350360064,0.10663882854755158,0.4263260201980654
2018-01-29,11755.5,11875.599609,11179.200195,11296.400391,11296.400391,7107359744,0.1493688478310189,0.4422874623751817
2018-01-30,11306.799805,11307.200195,10036.200195,10106.299805,10106.299805,8637859840,0.10914857294551977,0.4322918838079758
2018-01-31,10108.200195,10381.599609,9777.419922,10221.099609,10221.099609,8041160192,0.11277623595968504,0.4122752406486974
2018-02-01,10237.299805,10288.799805,8812.280273,9170.540039,9170.540039,9959400448,0.11435477931460074,0.43618461595384667
2018-02-02,9142.280273,9142.280273,7796.490234,8830.75,8830.75,12726899712,0.11831372279011396,0.43659248829670977
2018-02-03,8852.120117,9430.75,8251.629883,9174.910156,9174.910156,7263790080,0.1327770729898207,0.45530411368216245
2018-02-04,9175.700195,9334.870117,8031.220215,8277.009766,8277.009766,7073549824,0.11317686931804578,0.4413158454834925
2018-02-05,8270.540039,8364.839844,6756.680176,6955.27002,6955.27002,9285289984,0.13329441979764725,0.4990207350262472
2018-02-06,7051.75,7850.700195,6048.259766,7754.0,7754.0,13999800320,0.15126660991114696,0.5079681740670752
2018-02-07,7755.490234,8509.110352,7236.790039,7621.299805,7621.299805,9169280000,0.11353094840285034,0.4015698100324537
2018-02-08,7637.859863,8558.769531,7637.859863,8265.589844,8265.589844,9346750464,0.1840466481676449,0.42726380069150105
2018-02-09,8271.839844,8736.980469,7884.709961,8736.980469,8736.980469,6784820224,0.1457364324066823,0.4345840275332383
2018-02-10,8720.080078,9122.549805,8295.469727,8621.900391,8621.900391,7780960256,0.11441379954633997,0.41002053525063475
2018-02-11,8616.129883,8616.129883,7931.100098,8129.970215,8129.970215,6122189824,0.10870888372138371,0.4101106128856129
2018-02-12,8141.430176,8985.919922,8141.430176,8926.570313,8926.570313,6256439808,0.11048166353528027,0.3918379452611686
2018-02-13,8926.719727,8958.469727,8455.410156,8598.30957,8598.30957,5696719872,0.09435578229792203,0.4075780011069312
2018-02-14,8599.919922,9518.540039,8599.919922,9494.629883,9494.629883,7909819904,0.11323824626758018,0.4171701976604228
2018-02-15,9488.320313,10234.799805,9395.580078,10166.400391,10166.400391,9062540288,0.21322495221407564,0.3935737168879371
2018-02-16,10135.700195,10324.099609,9824.820313,10233.900391,10233.900391,7296159744,0.21187550276156175,0.43023327330498917
2018-02-17,10207.5,11139.5,10149.400391,11112.700195,11112.700195,8660880384,0.12362900151463982,0.4278246284186001
2018-02-18,11123.400391,11349.799805,10326.0,10551.799805,10551.799805,8744009728,0.11466573237310565,0.4041221595757886
2018-02-19,10552.599609,11273.799805,10513.200195,11225.299805,11225.299805,7652089856,0.121266416540771,0.402836386661504
2018-02-20,11231.799805,11958.5,11231.799805,11403.700195,11403.700195,9926540288,0.1249235286061675,0.4301740179573513
2018-02-21,11372.200195,11418.5,10479.099609,10690.400391,10690.400391,9405339648,0.11114181540156719,0.4173287717229798
2018-02-22,10660.400391,11039.099609,9939.089844,10005.0,10005.0,8040079872,0.11766923671866854,0.4390684479451525
2018-02-23,9937.070313,10487.299805,9734.55957,10301.099609,10301.099609,7739500032,0.09917512699411808,0.418747336299265
2018-02-24,10287.700195,10597.200195,9546.969727,9813.070313,9813.070313,6917929984,0.104960516207044,0.4167727840575063
2018-02-25,9796.419922,9923.219727,9407.05957,9664.730469,9664.730469,5706939904,0.09797308686158118,0.4263738524995627
2018-02-26,9669.429688,10475.0,9501.730469,10366.700195,10366.700195,7287690240,0.0961336339174951,0.42117684052994026
2018-02-27,10393.900391,10878.5,10246.099609,10725.599609,10725.599609,6966179840,0.11138947342979601,0.4093206811110037
2018-02-28,10687.200195,11089.799805,10393.099609,10397.900391,10397.900391,6936189952,0.14068267316760621,0.43321539486590505
2018-03-01,10385.0,11052.299805,10352.700195,10951.0,10951.0,7317279744,0.18074633786112793,0.41436547544959873
2018-03-02,10977.400391,11189.0,10850.099609,11086.400391,11086.400391,7620590080,0.12336338534929855,0.44936847386086376
2018-03-03,11101.900391,11528.200195,11002.400391,11489.700195,11489.700195,6690570240,0.1271420493197279,0.4481382395382395
2018-03-04,11497.400391,11512.599609,11136.099609,11512.599609,11512.599609,6084149760,0.11686606760847093,0.44648188010066464
2018-03-05,11532.400391,11704.099609,11443.900391,11573.299805,11573.299805,6468539904,0.08371336918103088,0.4161312000603045
2018-03-06,11500.099609,11500.099609,10694.299805,10779.900391,10779.900391,6832169984,0.09105108033801215,0.4199965428090428
2018-03-07,10803.900391,10929.5,9692.120117,9965.570313,9965.570313,8797910016,0.07451970389890794,0.3921993302122226
2018-03-08,9951.44043,10147.400391,9335.870117,9395.009766,9395.009766,7186089984,0.10701387423255337,0.41885318741894706
2018-03-09,9414.69043,9466.349609,8513.030273,9337.549805,9337.549805,8704190464,0.15748942731935217,0.4382421891904093
2018-03-10,9350.589844,9531.320313,8828.469727,8866.0,8866.0,5386319872,0.14733690166893293,0.41435613706316826
2018-03-11,8852.780273,9711.889648,8607.120117,9578.629883,9578.629883,6296370176,0.15724967902749917,0.4085886888630791
2018-03-12,9602.929688,9937.5,8956.429688,9205.120117,9205.120117,6457399808,0.13029090241308477,0.3868131122571013
2018-03-13,9173.040039,9470.379883,8958.19043,9194.849609,9194.849609,5991139840,0.16163186232221322,0.4249005243943841
2018-03-14,9214.650391,9355.849609,8068.589844,8269.80957,8269.80957,6438230016,0.11027661196426007,0.42202380382475174
2018-03-15,8290.759766,8428.349609,7783.049805,8300.860352,8300.860352,6834429952,0.09875039891094115,0.41980759726035105
2018-03-16,8322.910156,8585.150391,8005.310059,8338.349609,8338.349609,5289379840,0.09306466154959459,0.39388925622437526
2018-03-17,8321.910156,8346.530273,7812.819824,7916.879883,7916.879883,4426149888,0.06792259376776422,0.4002112333046677
2018-03-18,7890.52002,8245.509766,7397.990234,8223.679688,8223.679688,6639190016,0.07378198636089897,0.400137633399422
2018-03-19,8344.120117,8675.870117,8182.399902,8630.650391,8630.650391,6729110016,0.09755442997702501,0.41298278206688344
2018-03-20,8619.669922,9051.019531,8389.889648,8913.469727,8913.469727,6361789952,0.09009386707685318,0.41193055021110575
2018-03-21,8937.480469,9177.370117,8846.330078,8929.280273,8929.280273,6043129856,0.10996643111129092,0.424889111407803
2018-03-22,8939.44043,9100.709961,8564.900391,8728.469727,8728.469727,5530390016,0.0959692031284368,0.41391857223829587
2018-03-23,8736.25,8879.620117,8360.620117,8879.620117,8879.620117,5954120192,0.055653320586404154,0.4173063735101994
2018-03-24,8901.950195,8996.179688,8665.700195,8668.120117,8668.120117,5664600064,0.09511845197641197,0.413868719385301
2018-03-25,8612.80957,8682.009766,8449.099609,8495.780273,8495.780273,4569880064,0.08268270402437068,0.43694251242584575
2018-03-26,8498.469727,8530.080078,7921.430176,8209.400391,8209.400391,5921039872,0.08283109080562785,0.41366432264580416
2018-03-27,8200.0,8232.780273,7797.279785,7833.040039,7833.040039,5378250240,0.09899986054640268,0.4394963026855257
2018-03-28,7836.830078,8122.890137,7809.169922,7954.47998,7954.47998,4935289856,0.09841621589619501,0.4272624055249403
2018-03-29,7979.069824,7994.330078,7081.379883,7165.700195,7165.700195,6361229824,0.09287910895478924,0.42637919474547875
2018-03-30,7171.450195,7276.660156,6683.930176,6890.52002,6890.52002,6289509888,0.10045652860555414,0.42899466751886106
2018-03-31,6892.47998,7207.850098,6863.52002,6973.529785,6973.529785,4553269760,0.0842708436582225,0.4317687866615911
2018-04-01,7003.060059,7060.950195,6526.870117,6844.22998,6844.22998,4532100096,0.08914139223871366,0.41459324366110084
2018-04-02,6844.859863,7135.470215,6816.580078,7083.799805,7083.799805,4333440000,0.05570438269229108,0.4140153448186166
2018-04-03,7102.259766,7530.939941,7072.490234,7456.109863,7456.109863,5499700224,0.17658157534220215,0.5242025819215752
2018-04-04,7456.410156,7469.879883,6803.879883,6853.839844,6853.839844,4936000000,0.1730048275056881,0.5130075381508199
2018-04-05,6848.649902,6933.819824,6644.799805,6811.470215,6811.470215,5639320064,0.17192514997221653,0.5092985933622763
2018-04-06,6815.959961,6857.490234,6575.0,6636.319824,6636.319824,3766810112,0.160380146244353,0.5175276549181574
2018-04-07,6630.509766,7050.540039,6630.509766,6911.089844,6911.089844,3976610048,0.18229410286896494,0.5173010065467715
2018-04-08,6919.97998,7111.560059,6919.97998,7023.52002,7023.52002,3652499968,0.09123573784259904,0.4217074891167951
2018-04-09,7044.319824,7178.109863,6661.990234,6770.72998,6770.72998,4894060032,0.09348905970031701,0.4359173741030466
2018-04-10,6795.439941,6872.410156,6704.149902,6834.759766,6834.759766,4272750080,0.08837381528988307,0.4077823836785261
2018-04-11,6843.470215,6968.319824,6817.589844,6968.319824,6968.319824,4641889792,0.09264293910007167,0.41691907236215586
2018-04-12,6955.379883,7899.22998,6806.509766,7889.25,7889.25,8906250240,0.09129390204325293,0.4453535649700338
2018-04-13,7901.089844,8183.959961,7758.930176,7895.959961,7895.959961,7764460032,0.11829138043059212,0.45925940428452994
2018-04-14,7874.669922,8140.709961,7846.0,7986.240234,7986.240234,5191430144,0.07950925017058738,0.4230900885136765
2018-04-15,7999.330078,8338.419922,7999.330078,8329.110352,8329.110352,5244480000,0.09638767009996943,0.42584485527585236
2018-04-16,8337.570313,8371.150391,7925.72998,8058.669922,8058.669922,5631309824,0.10607119241979163,0.4430158324821246
2018-04-17,8071.660156,8285.959961,7881.720215,7902.089844,7902.089844,6900879872,0.08503067644987287,0.4049475783098232
2018-04-18,7944.430176,8197.799805,7886.009766,8163.419922,8163.419922,6529909760,0.07842265139967955,0.41652294786400745
2018-04-19,8159.27002,8298.69043,8138.779785,8294.30957,8294.30957,7063209984,0.10155845057974179,0.432961158957038
2018-04-20,8286.879883,8880.230469,8244.540039,8845.830078,8845.830078,8438110208,0.08580578035148931,0.4181047652892002
2018-04-21,8848.790039,8997.570313,8652.150391,8895.580078,8895.580078,7548550144,0.08759278557464041,0.4150455321261773
2018-04-22,8925.05957,9001.639648,8779.610352,8802.459961,8802.459961,6629899776,0.09567272247703794,0.4192203533349367
2018-04-23,8794.389648,8958.549805,8788.80957,8930.879883,8930.879883,6925190144,0.12975966381230283,0.4316572988996135
2018-04-24,8934.339844,9732.610352,8927.830078,9697.5,9697.5,10678800384,0.18078339153701317,0.44338652491184044
2018-04-25,9701.030273,9745.320313,8799.839844,8845.740234,8845.740234,11083100160,0.14130688003910588,0.4207395208055059
2018-04-26,8867.320313,9281.509766,8727.089844,9281.509766,9281.509766,8970559488,0.0860427403673554,0.43235732260991055
2018-04-27,9290.629883,9375.469727,8987.049805,8987.049805,8987.049805,7566289920,0.06996924871744757,0.39552196176115484
2018-04-28,8939.269531,9412.089844,8931.990234,9348.480469,9348.480469,7805479936,0.08979548041321297,0.440077395783895
2018-04-29,9346.410156,9531.490234,9193.709961,9419.080078,9419.080078,8853000192,0.08822247966392356,0.40299969062731983
2018-04-30,9426.110352,9477.139648,9166.80957,9240.549805,9240.549805,8673920000,0.09110001265976339,0.4172897368461884
2018-05-01,9251.469727,9255.879883,8891.049805,9119.009766,9119.009766,7713019904,0.06737474566145202,0.39684637790193344
2018-05-02,9104.599609,9256.519531,9015.139648,9235.919922,9235.919922,7558159872,0.10073604538767167,0.4158470670014037
2018-05-03,9233.969727,9798.330078,9188.150391,9743.860352,9743.860352,10207299584,0.10901463408461647,0.41637762863114974
2018-05-04,9695.5,9779.200195,9585.959961,9700.759766,9700.759766,8217829888,0.11952565428539279,0.4248899151902624
2018-05-05,9700.280273,9964.5,9695.120117,9858.150391,9858.150391,7651939840,0.08155082571749238,0.409168487119876
2018-05-06,9845.30957,9940.139648,9465.25,9654.799805,9654.799805,7222280192,0.08020769921436588,0.42890171581504916
2018-05-07,9645.669922,9665.849609,9231.530273,9373.009766,9373.009766,7394019840,0.04846320602535092,0.4327587175968872
2018-05-08,9380.870117,9462.75,9127.769531,9234.820313,9234.820313,7415869952,0.09478382630623884,0.4419079443259472
2018-05-09,9223.730469,9374.759766,9031.620117,9325.179688,9325.179688,7226890240,0.06789946085094566,0.4337422975147423
2018-05-10,9325.959961,9396.040039,9040.519531,9043.94043,9043.94043,6906699776,0.06223821814210353,0.4167039406356914
2018-05-11,9052.959961,9052.959961,8394.459961,8441.490234,8441.490234,8488520192,0.04082238005050505,0.4251851386766828
2018-05-12,8441.44043,8664.860352,8223.5,8504.889648,8504.889648,6821380096,0.07015010943432731,0.4453772382069469
2018-05-13,8515.490234,8773.549805,8395.120117,8723.94043,8723.94043,5866379776,0.05777564768681121,0.4300849892304294
2018-05-14,8713.099609,8881.120117,8367.969727,8716.790039,8716.790039,7364149760,0.07501145558248622,0.4177727907234473
2018-05-15,8705.19043,8836.19043,8456.450195,8510.379883,8510.379883,6705710080,0.07698895597080285,0.40089029032004564
2018-05-16,8504.410156,8508.429688,8175.490234,8368.830078,8368.830078,6760220160,0.15312979002514443,0.43247445650702354
2018-05-17,8370.049805,8445.540039,8054.120117,8094.319824,8094.319824,5862530048,0.10384509799915073,0.41207172402973186
2018-05-18,8091.830078,8274.120117,7974.819824,8250.969727,8250.969727,5764190208,0.056237859263182546,0.4604831906371315
2018-05-19,8255.730469,8372.05957,8183.350098,8247.179688,8247.179688,4712399872,0.07034721154913463,0.466574024266332
2018-05-20,8246.990234,8562.410156,8205.240234,8513.25,8513.25,5191059968,0.05379827069149986,0.43254110704110704
2018-05-21,8522.330078,8557.519531,8365.120117,8418.990234,8418.990234,5154990080,0.08970325556755028,0.4504680126891354
2018-05-22,8419.870117,8423.25,8004.580078,8041.779785,8041.779785,5137010176,0.13889500007842398,0.46783950530146184
2018-05-23,8037.080078,8054.660156,7507.879883,7557.819824,7557.819824,6491120128,0.0793730507366871,0.45439196723287634
2018-05-24,7561.120117,7738.600098,7331.140137,7587.339844,7587.339844,6049220096,0.10131505109575285,0.4366902947604702
2018-05-25,7592.299805,7659.140137,7392.649902,7480.140137,7480.140137,4867829760,0.1422573480617462,0.4172609067677095
2018-05-26,7486.47998,7595.160156,7349.120117,7355.879883,7355.879883,4051539968,0.10668945637695637,0.4460658625562472
2018-05-27,7362.080078,7381.740234,7270.959961,7368.220215,7368.220215,4056519936,0.12334776539283342,0.4298278950829971
2018-05-28,7371.310059,7419.049805,7100.890137,7135.990234,7135.990234,5040600064,0.1140110288623638,0.4331603724651575
2018-05-29,7129.459961,7526.419922,7090.680176,7472.589844,7472.589844,5662660096,0.14248026566900945,0.45457834085943544
2018-05-30,7469.72998,7573.77002,7313.600098,7406.52002,7406.52002,4922540032,0.14246751038770814,0.4421244187910855
2018-05-31,7406.149902,7608.899902,7361.129883,7494.169922,7494.169922,5127130112,0.14843633040216472,0.450571119470641
2018-06-01,7500.700195,7604.72998,7407.339844,7541.450195,7541.450195,4921460224,0.14421063076824794,0.4501813803962242
2018-06-02,7536.720215,7695.830078,7497.259766,7643.450195,7643.450195,4939299840,0.20083158382514985,0.49581853083480176
2018-06-03,7632.089844,7754.890137,7613.040039,7720.25,7720.25,4851760128,0.2001123412685427,0.4908376318472407
2018-06-04,7722.529785,7753.819824,7474.040039,7514.470215,7514.470215,4993169920,0.19294341663686368,0.4922278679048751
2018-06-05,7500.899902,7643.22998,7397.0,7633.759766,7633.759766,4961739776,0.17766209087403637,0.4879097102691994
2018-06-06,7625.970215,7680.430176,7502.009766,7653.97998,7653.97998,4692259840,0.14585428699548464,0.43373473862628686
2018-06-07,7650.819824,7741.27002,7650.819824,7678.240234,7678.240234,4485799936,0.13294436714079572,0.4670578764421129
2018-06-08,7685.140137,7698.189941,7558.399902,7624.919922,7624.919922,4227579904,0.12399108538617468,0.43512492054902774
2018-06-09,7632.52002,7683.580078,7531.97998,7531.97998,7531.97998,3845220096,0.127141343215445,0.458610880691719
2018-06-10,7499.549805,7499.549805,6709.069824,6786.02002,6786.02002,5804839936,0.08414474965070204,0.4493569377552062
2018-06-11,6799.290039,6910.180176,6706.629883,6906.919922,6906.919922,4745269760,0.11838131968340303,0.4431651758735092
2018-06-12,6905.819824,6907.959961,6542.080078,6582.359863,6582.359863,4654380032,0.1365149629312641,0.4420805337179606
2018-06-13,6596.879883,6631.660156,6285.629883,6349.899902,6349.899902,5052349952,0.0691200939890456,0.4536517246194666
2018-06-14,6342.75,6707.140137,6334.459961,6675.350098,6675.350098,5138710016,0.12884585249819624,0.4930341630591631
2018-06-15,6674.080078,6681.080078,6433.870117,6456.580078,6456.580078,3955389952,0.08558406771799629,0.47330234745413313
2018-06-16,6455.450195,6592.490234,6402.290039,6550.160156,6550.160156,3194170112,0.07967132370625017,0.46528496183827067
2018-06-17,6545.529785,6589.109863,6499.27002,6499.27002,6499.27002,3104019968,0.10900036075036075,0.486304762945388
2018-06-18,6510.069824,6781.140137,6446.680176,6734.819824,6734.819824,4039200000,0.11045469163772735,0.46054392779839215
2018-06-19,6742.390137,6822.5,6709.919922,6769.939941,6769.939941,4057029888,0.09929523144983671,0.4358093719146351
2018-06-20,6770.759766,6821.560059,6611.879883,6776.549805,6776.549805,3888640000,0.10294176494250899,0.4338973425439199
2018-06-21,6780.089844,6810.939941,6715.169922,6729.740234,6729.740234,3529129984,0.10014454187517054,0.4536992910165425
2018-06-22,6737.879883,6747.080078,6006.600098,6083.689941,6083.689941,5079810048,0.11342545795254129,0.4734056507535674
2018-06-23,6090.100098,6224.819824,6071.810059,6162.47998,6162.47998,3431360000,0.13780181706520991,0.45898777313955885
2018-06-24,6164.279785,6223.779785,5826.410156,6173.22998,6173.22998,4566909952,0.10678782053005655,0.4478253176545102
2018-06-25,6171.970215,6327.370117,6119.680176,6249.180176,6249.180176,5500810240,0.09887595725424672,0.46500256955520114
2018-06-26,6253.549805,6290.160156,6093.669922,6093.669922,6093.669922,3279759872,0.13261953001778584,0.42096704167925103
2018-06-27,6084.399902,6180.0,6052.850098,6157.129883,6157.129883,3296219904,0.1389349666183212,0.4330456349206349
2018-06-28,6153.160156,6170.410156,5873.049805,5903.439941,5903.439941,3467800064,0.13173162539961572,0.41483972234465527
2018-06-29,5898.129883,6261.660156,5835.75,6218.299805,6218.299805,3966230016,0.13025885973973406,0.42196492967667837
2018-06-30,6214.220215,6465.509766,6214.220215,6404.0,6404.0,4543860224,0.16312241548134404,0.4636450834879406
2018-07-01,6411.680176,6432.850098,6289.290039,6385.819824,6385.819824,4788259840,0.1201310398028031,0.42708543203826227
2018-07-02,6380.379883,6683.859863,6305.700195,6614.180176,6614.180176,4396930048,0.1437147667147667,0.4393176831338596
2018-07-03,6596.660156,6671.370117,6447.75,6529.589844,6529.589844,4672309760,0.12204842620768352,0.4493351929335193
2018-07-04,6550.870117,6771.919922,6450.459961,6597.549805,6597.549805,4176689920,0.13065854020281104,0.4316463108129775
2018-07-05,6599.709961,6749.540039,6546.649902,6639.140137,6639.140137,4999240192,0.14147110597372375,0.4364571451776015
2018-07-06,6638.689941,6700.939941,6533.549805,6673.5,6673.5,4313959936,0.13445005041703675,0.43729568454766865
2018-07-07,6668.709961,6863.990234,6579.240234,6856.930176,6856.930176,3961080064,0.15096782955606483,0.4079218657159834
2018-07-08,6857.799805,6885.910156,6747.97998,6773.879883,6773.879883,3386210048,0.14189373589373588,0.47360125985125984
2018-07-09,6775.080078,6838.680176,6724.339844,6741.75,6741.75,3718129920,0.1177881074602386,0.4619453413920627
2018-07-10,6739.209961,6767.740234,6320.720215,6329.950195,6329.950195,4052430080,0.11652033021136796,0.4377587759899081
2018-07-11,6330.77002,6444.959961,6330.470215,6394.709961,6394.709961,3644859904,0.07254959913394053,0.41459648973089835
2018-07-12,6396.779785,6397.100098,6136.419922,6228.810059,6228.810059,3770170112,0.13207992088308784,0.43682130146140213
2018-07-13,6235.029785,6310.549805,6192.240234,6238.049805,6238.049805,3805400064,0.12262678161031378,0.41621013933047124
2018-07-14,6247.5,6298.189941,6212.220215,6276.120117,6276.120117,2923670016,0.11053277880491422,0.40268312590187594
2018-07-15,6272.700195,6403.459961,6256.509766,6359.640137,6359.640137,3285459968,0.13773934280055763,0.4058540075044404
2018-07-16,6357.009766,6741.75,6357.009766,6741.75,6741.75,4725799936,0.15957487785119365,0.41851589200273415
2018-07-17,6739.649902,7387.240234,6684.169922,7321.040039,7321.040039,5961950208,0.16302782029612248,0.4216463664983914
2018-07-18,7315.319824,7534.990234,7280.470215,7370.779785,7370.779785,6103410176,0.1416015826808651,0.41312611342703937
2018-07-19,7378.200195,7494.459961,7295.459961,7466.859863,7466.859863,5111629824,0.1236267032265056,0.4327146797354307
2018-07-20,7467.399902,7594.669922,7323.259766,7354.129883,7354.129883,4936869888,0.09888635799963925,0.4245018037518038
2018-07-21,7352.720215,7437.640137,7262.410156,7419.290039,7419.290039,3726609920,0.12057502557126051,0.4131395205642194
2018-07-22,7417.799805,7537.950195,7383.819824,7418.490234,7418.490234,3695460096,0.1469460865392469,0.4280768262136187
2018-07-23,7414.709961,7771.5,7409.100098,7711.109863,7711.109863,5132480000,0.15358565656187512,0.4380540214211598
2018-07-24,7716.509766,8424.269531,7705.5,8424.269531,8424.269531,7277689856,0.1450051792212809,0.462429317818089
2018-07-25,8379.660156,8416.870117,8086.359863,8181.390137,8181.390137,5845400064,0.1535578024531829,0.4587273618088835
2018-07-26,8176.850098,8290.330078,7878.709961,7951.580078,7951.580078,4899089920,0.14692845041737446,0.44586185878116263
2018-07-27,7950.399902,8262.660156,7839.759766,8165.009766,8165.009766,5195879936,0.1527528931844904,0.44901401448345896
2018-07-28,8169.060059,8222.849609,8110.77002,8192.150391,8192.150391,3988750080,0.1411379489407171,0.4559185715284331
2018-07-29,8205.820313,8272.259766,8141.180176,8218.459961,8218.459961,4107190016,0.14416845039612897,0.486173385816243
2018-07-30,8221.580078,8235.5,7917.5,8180.47998,8180.47998,5551400000,0.1509623952604025,0.45597479496483123
2018-07-31,8181.200195,8181.529785,7696.930176,7780.439941,7780.439941,5287530000,0.1996715431255013,0.5127359457426988
2018-08-01,7769.040039,7769.040039,7504.950195,7624.910156,7624.910156,4797620000,0.22396191559696213,0.5300424985697343
2018-08-02,7634.189941,7712.77002,7523.439941,7567.149902,7567.149902,4214110000,0.19505747974411902,0.5058155482164063
2018-08-03,7562.140137,7562.140137,7328.649902,7434.390137,7434.390137,4627150000,0.20469601512434282,0.512349906139629
2018-08-04,7438.669922,7497.490234,6984.069824,7032.850098,7032.850098,4268390000,0.17867178478899665,0.4757250428554946
2018-08-05,7031.080078,7102.77002,6940.700195,7068.47998,7068.47998,3679110000,0.20554186202110078,0.4741305729065245
2018-08-06,7062.939941,7166.549805,6890.540039,6951.799805,6951.799805,3925900000,0.1962525373878585,0.49275753935157607
2018-08-07,6958.319824,7146.560059,6748.240234,6753.120117,6753.120117,4682800000,0.16631329335509662,0.48240276299292695
2018-08-08,6746.850098,6746.850098,6226.220215,6305.799805,6305.799805,5064430000,0.17867476206295713,0.4724460595035866
2018-08-09,6305.560059,6625.72998,6249.069824,6568.22998,6568.22998,4267040000,0.17500054861887207,0.48769668923229753
2018-08-10,6571.419922,6591.259766,6124.52002,6184.709961,6184.709961,4528680000,0.15916480330812227,0.47613233310431585
2018-08-11,6185.790039,6455.740234,6109.029785,6295.72998,6295.72998,4047850000,0.1866386807009237,0.47398807387787656
2018-08-12,6283.649902,6409.850098,6237.5,6322.689941,6322.689941,5665250000,0.15608415406575438,0.4717870179221866
2018-08-13,6341.359863,6537.049805,6225.720215,6297.569824,6297.569824,4083980000,0.1283643225513598,0.4813364795289883
2018-08-14,6287.660156,6287.939941,5971.049805,6199.709961,6199.709961,5301700000,0.15571627735690236,0.48248967618532834
2018-08-15,6221.419922,6588.490234,6221.419922,6308.52002,6308.52002,4895450000,0.16459094245298514,0.49060778003613364
2018-08-16,6294.22998,6473.5,6276.410156,6334.72998,6334.72998,4328420000,0.13962374062543928,0.48558682905513895
2018-08-17,6340.910156,6582.5,6324.970215,6580.629883,6580.629883,4992990000,0.15867975675118534,0.4936336551455599
2018-08-18,6583.430176,6617.350098,6353.72998,6423.759766,6423.759766,3984520000,0.1202974963924964,0.46472841991341995
2018-08-19,6422.569824,6537.97998,6361.549805,6506.069824,6506.069824,3311170000,0.11491875582897408,0.4624327810637334
2018-08-20,6500.509766,6536.919922,6297.930176,6308.529785,6308.529785,3665100000,0.10508784117420927,0.4442239547234626
2018-08-21,6301.069824,6500.870117,6298.240234,6488.759766,6488.759766,3377180000,0.1164912399085061,0.46316256734871847
2018-08-22,6486.25,6816.790039,6310.109863,6376.709961,6376.709961,4668110000,0.12824141141298093,0.4881590957993461
2018-08-23,6371.339844,6546.540039,6371.339844,6534.879883,6534.879883,3426180000,0.1331174330583392,0.4790500232178433
2018-08-24,6551.52002,6719.959961,6498.640137,6719.959961,6719.959961,4097820000,0.14657163974237145,0.47909838322730314
2018-08-25,6719.950195,6789.629883,6700.959961,6763.189941,6763.189941,3312600000,0.1449509704362706,0.4870796055796056
2018-08-26,6754.640137,6774.75,6620.75,6707.259766,6707.259766,3295500000,0.1344802265635599,0.485340338673672
2018-08-27,6710.799805,6884.640137,6689.709961,6884.640137,6884.640137,4019000000,0.1336391933139145,0.47087139987232923
2018-08-28,6891.080078,7109.560059,6882.339844,7096.279785,7096.279785,4659940000,0.14468978471589217,0.48284344125877676
2018-08-29,7091.709961,7113.299805,6970.819824,7047.160156,7047.160156,4145880000,0.1683572191534153,0.47504540960878067
2018-08-30,7043.759766,7072.689941,6834.689941,6978.22998,6978.22998,4463250000,0.16432419750670973,0.47225272736673385
2018-08-31,6973.970215,7057.169922,6920.160156,7037.580078,7037.580078,4495650000,0.1910123457891315,0.4858421604850176
2018-09-01,7044.810059,7242.290039,7038.049805,7193.25,7193.25,4116050000,0.17350598840182174,0.4908480368897035
2018-09-02,7189.580078,7306.310059,7132.160156,7272.720215,7272.720215,4329540000,0.19128173853021413,0.5077215996702785
2018-09-03,7279.029785,7317.939941,7208.149902,7260.060059,7260.060059,4087760000,0.17529864139069914,0.5003336159428218
2018-09-04,7263.0,7388.259766,7255.439941,7361.660156,7361.660156,4273640000,0.17027102153470955,0.4860484061393152
2018-09-05,7361.459961,7388.430176,6792.830078,6792.830078,6792.830078,5800460000,0.15367602899745755,0.5042161184549577
2018-09-06,6755.140137,6755.140137,6404.720215,6529.169922,6529.169922,5523470000,0.16318678905635428,0.4840393423002119
2018-09-07,6528.919922,6555.290039,6396.870117,6467.069824,6467.069824,4264680000,0.14347559041618446,0.4986281985341391
2018-09-08,6460.169922,6534.25,6197.52002,6225.97998,6225.97998,3835060000,0.1436110208483646,0.5086733145558145
2018-09-09,6223.379883,6446.259766,6201.220215,6300.859863,6300.859863,3671890000,0.16599642697150985,0.4939873179720312
2018-09-10,6301.569824,6374.97998,6292.759766,6329.700195,6329.700195,3714100000,0.15123669816053212,0.49630585187338916
2018-09-11,6331.879883,6398.919922,6260.209961,6321.200195,6321.200195,3849910000,0.16118755829432913,0.49261359804216953
2018-09-12,6317.009766,6363.870117,6265.089844,6351.799805,6351.799805,4064230000,0.17184187547184238,0.4796455926340032
2018-09-13,6354.240234,6535.410156,6354.240234,6517.310059,6517.310059,4210910000,0.19020378878451796,0.4816940601836435
2018-09-14,6515.410156,6596.100098,6456.169922,6512.709961,6512.709961,4076220000,0.17532434506026057,0.4790040813060179
2018-09-15,6509.399902,6561.720215,6493.549805,6543.200195,6543.200195,3216300000,0.13305956051358997,0.46117264829592236
2018-09-16,6536.680176,6544.330078,6460.100098,6517.180176,6517.180176,3273730000,0.14400299636863353,0.47542544880232485
2018-09-17,6514.060059,6540.209961,6257.52002,6281.200195,6281.200195,3910780000,0.1289927556818182,0.46587378547378544
2018-09-18,6280.910156,6384.180176,6265.709961,6371.299805,6371.299805,4180090000,0.148286371444813,0.4934614649900364
2018-09-19,6371.850098,6448.459961,6208.339844,6398.540039,6398.540039,4431340000,0.16250956483768983,0.4964124041311542
2018-09-20,6398.850098,6529.259766,6395.950195,6519.669922,6519.669922,4348110000,0.15612151365895374,0.4831130595088263
2018-09-21,6513.870117,6794.330078,6496.359863,6734.950195,6734.950195,6531940000,0.1260355858830435,0.4846489960134028
2018-09-22,6735.049805,6814.560059,6616.799805,6721.97998,6721.97998,4509660000,0.11755806254223976,0.4686511326226516
2018-09-23,6715.319824,6766.149902,6679.419922,6710.629883,6710.629883,4197500000,0.12848039101186584,0.47404892597980985
2018-09-24,6704.77002,6713.560059,6580.899902,6595.410156,6595.410156,4177310000,0.15566828559674217,0.4779601728508481
2018-09-25,6603.640137,6603.640137,6381.859863,6446.470215,6446.470215,4726180000,0.14234978032658446,0.4629755489356005
2018-09-26,6452.790039,6585.910156,6397.890137,6495.0,6495.0,4437300000,0.15679978023119256,0.48030379943529294
2018-09-27,6495.290039,6712.100098,6464.950195,6676.75,6676.75,4606810000,0.16244088057999348,0.47526755457803843
2018-09-28,6678.75,6785.029785,6598.319824,6644.129883,6644.129883,5014430000,0.15001389443670596,0.48369327701740955
2018-09-29,6643.100098,6643.100098,6511.649902,6601.959961,6601.959961,4363690000,0.14927484596247045,0.4757040333135951
2018-09-30,6604.709961,6643.779785,6566.540039,6625.560059,6625.560059,4002280000,0.16036217149853513,0.4805807768470106
2018-10-01,6619.850098,6653.299805,6549.080078,6589.620117,6589.620117,4000970000,0.17252336240235655,0.49312485388050653
2018-10-02,6593.240234,6611.839844,6537.899902,6556.100098,6556.100098,3979260000,0.17365612728573795,0.4822566376587893
2018-10-03,6553.859863,6571.459961,6454.029785,6502.589844,6502.589844,3887310000,0.16418880048696777,0.4974158927260431
2018-10-04,6497.910156,6603.310059,6497.910156,6576.689941,6576.689941,3838410000,0.14087082779909485,0.44821958252711097
2018-10-05,6574.149902,6623.620117,6557.410156,6622.47998,6622.47998,3671500000,0.11821049691885377,0.46515790008661273
2018-10-06,6622.450195,6628.540039,6577.799805,6588.310059,6588.310059,3259740000,0.12263805026672674,0.4553914549502785
2018-10-07,6590.680176,6641.490234,6557.040039,6602.950195,6602.950195,3306630000,0.13467846745685172,0.4630498134810362
2018-10-08,6600.189941,6675.060059,6576.040039,6652.22998,6652.22998,3979460000,0.11776235107485107,0.47377087611462615
2018-10-09,6653.080078,6661.410156,6606.939941,6642.640137,6642.640137,3580810000,0.12945652798528903,0.4674005222899028
2018-10-10,6640.290039,6640.290039,6538.959961,6585.529785,6585.529785,3787650000,0.09704601918143585,0.4796313485896819
2018-10-11,6586.740234,6586.740234,6243.740234,6256.240234,6256.240234,5181640000,0.11331171157436039,0.45712520885139935
2018-10-12,6239.25,6328.5,6236.470215,6274.580078,6274.580078,3783500000,0.08353887613891761,0.5045205228645494
2018-10-13,6278.080078,6308.509766,6259.810059,6285.990234,6285.990234,3064030000,0.0729023320026227,0.4975236943289269
2018-10-14,6288.490234,6363.209961,6280.149902,6290.930176,6290.930176,3085320000,0.0916722501923824,0.4876250957020188
2018-10-15,6292.640137,6965.060059,6258.680176,6596.540039,6596.540039,7370770000,0.11263205007473939,0.49812843085881414
2018-10-16,6601.410156,6673.589844,6571.370117,6596.109863,6596.109863,4074800000,0.14148547653818738,0.4978863614631687
2018-10-17,6590.52002,6601.209961,6517.450195,6544.430176,6544.430176,4088420000,0.09964047337420943,0.49893389551382117
2018-10-18,6542.330078,6567.540039,6450.040039,6476.709961,6476.709961,3924080000,0.08541309747433883,0.48908493934217656
2018-10-19,6478.069824,6493.680176,6445.310059,6465.410156,6465.410156,3578870000,0.134509903179258,0.49602161055790084
2018-10-20,6460.919922,6497.720215,6449.0,6489.189941,6489.189941,3379130000,0.067565284765511,0.48051886623396
2018-10-21,6490.089844,6556.379883,6476.0,6482.350098,6482.350098,3253610000,0.1416876906597301,0.49061111585782635
2018-10-22,6486.049805,6543.799805,6462.97998,6487.160156,6487.160156,3672860000,0.14216025924832743,0.4869962339848704
2018-10-23,6472.359863,6506.009766,6451.27002,6475.740234,6475.740234,3716150000,0.11663003221096913,0.48255718350569926
2018-10-24,6478.890137,6521.990234,6468.859863,6495.839844,6495.839844,3424670000,0.10216875212510988,0.5015086929582003
2018-10-25,6484.649902,6504.649902,6447.029785,6476.290039,6476.290039,3230550000,0.10735711222072035,0.49307948626388554
2018-10-26,6468.439941,6498.290039,6449.609863,6474.75,6474.75,3306050000,0.09834885490391443,0.491057803087565
2018-10-27,6480.839844,6507.410156,6453.529785,6480.379883,6480.379883,3393250000,0.09586199160921383,0.46692451231895676
2018-10-28,6482.660156,6502.279785,6447.910156,6486.390137,6486.390137,3445190000,0.1276052253905515,0.4769240149946672
2018-10-29,6492.350098,6503.600098,6306.990234,6332.629883,6332.629883,4199910000,0.1307691434011621,0.5166911668248567
2018-10-30,6337.040039,6364.990234,6310.140137,6334.27002,6334.27002,3781100000,0.16709999733118355,0.5110978314485968
2018-10-31,6336.990234,6349.160156,6316.879883,6317.609863,6317.609863,4191240000,0.1530419408381338,0.4922523692136787
2018-11-01,6318.140137,6547.140137,6311.830078,6377.779785,6377.779785,3789400000,0.1551035350119157,0.4719195417377236
2018-11-02,6378.919922,6396.859863,6327.379883,6388.439941,6388.439941,4234870000,0.1152453864311741,0.48722871792506495
2018-11-03,6387.240234,6400.069824,6342.370117,6361.259766,6361.259766,3658640000,0.09969694024796065,0.43970009129192805
2018-11-04,6365.470215,6388.629883,6294.569824,6376.129883,6376.129883,4390020000,0.11788137817562429,0.47790315628659513
2018-11-05,6363.620117,6480.589844,6363.620117,6419.660156,6419.660156,4174800000,0.1149947880864636,0.4724868980373495
2018-11-06,6433.379883,6463.549805,6408.160156,6461.009766,6461.009766,4700040000,0.153776316594186,0.4754212969161423
2018-11-07,6468.5,6552.160156,6468.310059,6530.140137,6530.140137,4941260000,0.12188371877303493,0.4863873009626256
2018-11-08,6522.27002,6536.919922,6438.529785,6453.720215,6453.720215,4665260000,0.09522109553539565,0.47764194328350434
2018-11-09,6442.600098,6456.459961,6373.370117,6385.620117,6385.620117,4346820000,0.09150630706774136,0.4471701819388541
2018-11-10,6386.129883,6437.279785,6385.310059,6409.220215,6409.220215,3705320000,0.08078220421691404,0.45740961171764744
2018-11-11,6413.629883,6423.25,6350.169922,6411.27002,6411.27002,3939060000,0.10154073920693818,0.44869209294107254
2018-11-12,6411.759766,6434.209961,6360.470215,6371.27002,6371.27002,4295770000,0.08993165826936834,0.4569327326890352
2018-11-13,6373.189941,6395.27002,6342.669922,6359.490234,6359.490234,4503800000,0.07935423514242959,0.4518079767821831
2018-11-14,6351.240234,6371.549805,5544.089844,5738.350098,5738.350098,7398940000,0.08935728435286738,0.46941058532489627
2018-11-15,5736.149902,5774.819824,5358.379883,5648.029785,5648.029785,7032140000,0.09818782007752597,0.48756191653726255
2018-11-16,5645.319824,5657.02002,5498.939941,5575.549805,5575.549805,5279320000,0.07834360702820005,0.46007732362383524
2018-11-17,5578.580078,5578.580078,5519.560059,5554.330078,5554.330078,4303150000,0.07330285158812934,0.4706028659427277
2018-11-18,5559.740234,5653.609863,5559.740234,5623.540039,5623.540039,4159680000,0.08076788512733213,0.454786215235524
2018-11-19,5620.779785,5620.779785,4842.910156,4871.490234,4871.490234,7039560000,0.1296941927464159,0.45598253952113016
2018-11-20,4863.930176,4951.609863,4272.109863,4451.870117,4451.870117,8428290000,0.08051561084470664,0.4455992005139397
2018-11-21,4465.540039,4675.72998,4343.97998,4602.169922,4602.169922,6120120000,0.11736823710756096,0.4740582941343618
2018-11-22,4611.569824,4629.640137,4365.640137,4365.939941,4365.939941,4569370000,0.09124468322682608,0.45280626304216526
2018-11-23,4360.700195,4396.419922,4195.680176,4347.109863,4347.109863,4871490000,0.11671312224488664,0.4725300860357445
2018-11-24,4347.689941,4413.089844,3795.159912,3880.76001,3880.76001,4679500000,0.09222728735540038,0.47323973174547884
2018-11-25,3880.780029,4120.870117,3585.060059,4009.969971,4009.969971,6825640000,0.08214096534274437,0.4738946190097876
2018-11-26,4015.070068,4107.140137,3643.919922,3779.129883,3779.129883,6476900000,0.1051439158784938,0.47772843048005387
2018-11-27,3765.949951,3862.959961,3661.01001,3820.719971,3820.719971,5998720000,0.13314255778780426,0.4673692800743857
2018-11-28,3822.469971,4385.899902,3822.469971,4257.419922,4257.419922,7280280000,0.16720869970882415,0.49880484268937864
2018-11-29,4269.004395,4413.020508,4145.765137,4278.84668,4278.84668,6503347767,0.17039741291673466,0.4996947851665341
2018-11-30,4289.088867,4322.976563,3942.822021,4017.268555,4017.268555,6048016717,0.15606404150958905,0.4710129949717796
2018-12-01,4024.464355,4309.377441,3969.710693,4214.671875,4214.671875,5375314093,0.1403455192614592,0.4728103525099649
2018-12-02,4200.733398,4301.519531,4110.978516,4139.87793,4139.87793,5262697895,0.16715048420405565,0.4612887760209189
2018-12-03,4147.32373,4155.979492,3840.446289,3894.130859,3894.130859,5089570994,0.1384403578059385,0.4803974735535019
2018-12-04,3886.294922,4075.627686,3832.75,3956.893799,3956.893799,5028069239,0.13661331883175343,0.44065990490032936
2018-12-05,3958.894775,3969.535889,3753.994873,3753.994873,3753.994873,5302481574,0.10911181987157824,0.4658405550459454
2018-12-06,3754.074463,3874.966064,3521.101807,3521.101807,3521.101807,5878333109,0.07690927704337666,0.48041593410846284
2018-12-07,3512.590332,3512.590332,3280.22876,3419.937256,3419.937256,6835615448,0.12092101737176239,0.4546885322795919
2018-12-08,3421.9104,3506.043457,3350.650635,3476.114746,3476.114746,5305024497,0.07338719490669032,0.46690308502235106
2018-12-09,3473.227539,3685.305664,3469.094238,3614.234375,3614.234375,4947372847,0.09097351246573734,0.4691326111421805
2018-12-10,3612.046387,3647.33252,3470.144531,3502.656006,3502.656006,5020968740,0.10639733538136005,0.47258547356977854
2018-12-11,3497.554688,3513.185059,3392.25,3424.588135,3424.588135,4696765188,0.10607841818393327,0.483283415274522
2018-12-12,3421.458252,3534.228516,3413.481445,3486.950195,3486.950195,4139364829,0.11109449298176571,0.4636176530299907
2018-12-13,3487.879395,3489.739502,3298.13208,3313.677246,3313.677246,4343372456,0.147225108116186,0.4840891924768737
2018-12-14,3311.751953,3329.555908,3206.542236,3242.484863,3242.484863,4372763663,0.12650951532003468,0.46063170297639616
2018-12-15,3243.997559,3275.37793,3191.303467,3236.761719,3236.761719,3551763561,0.1368941754834612,0.4603999217213503
2018-12-16,3236.274658,3305.753174,3233.819824,3252.839111,3252.839111,3744248994,0.10521844682136923,0.46457965437257154
2018-12-17,3253.123047,3597.917969,3253.123047,3545.864746,3545.864746,5409247918,0.13321903602815155,0.4575452921860864
2018-12-18,3544.761475,3701.349365,3487.169189,3696.059082,3696.059082,5911325473,0.1437473134297911,0.46928400931079506
2018-12-19,3706.824951,3949.322998,3687.22998,3745.950684,3745.950684,6810689119,0.10235020828397695,0.47296063221949414
2018-12-20,3742.195068,4191.228516,3728.974609,4134.441406,4134.441406,8927129279,0.1315925917274838,0.47732784551579516
2018-12-21,4133.703613,4198.429688,3850.946289,3896.543701,3896.543701,7206015706,0.1313881366384938,0.47744175015460727
2018-12-22,3898.08374,4014.182617,3855.739014,4014.182617,4014.182617,5605823233,0.07673492821590648,0.47277961551331116
2018-12-23,4020.994629,4085.723633,3976.405762,3998.980225,3998.980225,6151275490,0.1012213548712572,0.4762527512583316
2018-12-24,4000.331787,4271.79248,4000.331787,4078.599121,4078.599121,7240968501,0.10340766062641063,0.4633187691937692
2018-12-25,4081.030518,4089.561523,3760.020508,3815.490723,3815.490723,6158207293,0.09269147599933626,0.470742893690492
2018-12-26,3819.666748,3893.359619,3769.86377,3857.297607,3857.297607,5326547918,0.08575992622978816,0.4759784192704985
2018-12-27,3854.688477,3874.416992,3645.448486,3654.833496,3654.833496,5130222366,0.08297225530473248,0.46963953406647474
2018-12-28,3653.131836,3956.135986,3642.63208,3923.918701,3923.918701,5631554348,0.09957177530053024,0.45808697268183435
2018-12-29,3932.491699,3963.758789,3820.408691,3820.408691,3820.408691,4991655917,0.09852238988974796,0.4736903134064706
2018-12-30,3822.384766,3901.908936,3797.219238,3865.952637,3865.952637,4770578575,0.09916403950613752,0.4656837927735505
2018-12-31,3866.839111,3868.74292,3725.867432,3742.700439,3742.700439,4661840806,0.11167240950752463,0.4790589527431633
2019-01-01,3746.713379,3850.913818,3707.231201,3843.52002,3843.52002,4324200990,0.07975389510642966,0.4675820333020794
2019-01-02,3849.216309,3947.981201,3817.409424,3943.409424,3943.409424,5244856836,0.11594712059449414,0.4695749251829019
2019-01-03,3931.048584,3935.685059,3826.2229,3836.741211,3836.741211,4530215219,0.1608147019269468,0.5131137811545975
2019-01-04,3832.040039,3865.93457,3783.85376,3857.717529,3857.717529,4847965467,0.14888604500190586,0.5046464135968853
2019-01-05,3851.973877,3904.903076,3836.900146,3845.19458,3845.19458,5137609824,0.11010375793045074,0.5155836072970672
2019-01-06,3836.519043,4093.297363,3826.513184,4076.632568,4076.632568,5597027440,0.11082481851399263,0.49565086302586303
2019-01-07,4078.584961,4092.613525,4020.894043,4025.248291,4025.248291,5228625637,0.1306203112387241,0.48664869024773294
2019-01-08,4028.472168,4109.020996,3996.955322,4030.8479,4030.8479,5306593305,0.15049831044405695,0.5004764493479771
2019-01-09,4031.552002,4068.403564,4022.662842,4035.296387,4035.296387,5115905225,0.13310508391701315,0.5248849881726594
2019-01-10,4034.411377,4064.06665,3659.174561,3678.924561,3678.924561,6874143796,0.14230204590110537,0.5104396002909353
2019-01-11,3674.015381,3713.881836,3653.069824,3687.365479,3687.365479,5538712865,0.13485443537626757,0.5058160486139939
2019-01-12,3686.973145,3698.978271,3653.810791,3661.301025,3661.301025,4778170883,0.09104369636211741,0.501985970608339
2019-01-13,3658.868164,3674.76001,3544.927246,3552.953125,3552.953125,4681302466,0.1232524687494567,0.5048672069229299
2019-01-14,3557.311035,3727.836182,3552.285156,3706.052246,3706.052246,5651384490,0.14972439765621584,0.48605577662143323
2019-01-15,3704.216309,3720.15332,3619.949219,3630.675293,3630.675293,5537192302,0.12781951323284452,0.49396528029532955
2019-01-16,3631.509766,3685.7771,3624.67334,3655.006836,3655.006836,5394457145,0.1850663314522611,0.4909626071696838
2019-01-17,3651.871094,3680.135986,3621.960938,3678.563965,3678.563965,5464420383,0.1800283937766087,0.49788556430082526
2019-01-18,3677.990479,3682.52002,3637.080811,3657.839355,3657.839355,5002961727,0.18268185157455566,0.5031175234718687
2019-01-19,3652.37793,3758.533447,3652.37793,3728.568359,3728.568359,5955691380,0.18447796525989438,0.5015560468008983
2019-01-20,3725.446045,3743.387939,3583.019531,3601.013672,3601.013672,5582489560,0.17710506334004922,0.5063420273281282
2019-01-21,3600.372803,3608.84082,3558.537109,3576.032471,3576.032471,5004347059,0.17084423380072183,0.49248127905002403
2019-01-22,3575.081299,3620.746582,3539.721436,3604.577148,3604.577148,5313623556,0.18393503652771137,0.486989031278458
2019-01-23,3605.557129,3623.067871,3565.313965,3585.123047,3585.123047,5433755649,0.17985597101082482,0.49184704265734436
2019-01-24,3584.500244,3616.087402,3569.092773,3600.865479,3600.865479,5262869046,0.1741785064123877,0.49415291758333685
2019-01-25,3607.390381,3612.927734,3575.597412,3599.765869,3599.765869,5265847539,0.18691371731219503,0.49448561344118036
2019-01-26,3599.715332,3654.933105,3593.345947,3602.460449,3602.460449,5098183235,0.1870572174484941,0.49151307099727537
2019-01-27,3604.687256,3612.671387,3567.24585,3583.96582,3583.96582,5570752966,0.1930279564737463,0.4985471697651999
2019-01-28,3584.283203,3586.750977,3439.23291,3470.450439,3470.450439,6908930483,0.07367626308290866,0.46285899227354926
2019-01-29,3468.870117,3476.06543,3400.819824,3448.116943,3448.116943,5897159493,0.10044690831202156,0.4877908575776793
2019-01-30,3443.896973,3495.174805,3429.387939,3486.181641,3486.181641,5955112627,0.08177711578098974,0.48771277463736146
2019-01-31,3485.40918,3504.804932,3447.915771,3457.792725,3457.792725,5831198271,0.10421704665704665,0.47897242905242904
2019-02-01,3460.547119,3501.954102,3431.591553,3487.945313,3487.945313,5422926707,0.09464092439762997,0.4827075638170486
2019-02-02,3484.625977,3523.287354,3467.574707,3521.060791,3521.060791,5071623601,0.08163650117243867,0.46397658489658494
2019-02-03,3516.139648,3521.388184,3447.924316,3464.013428,3464.013428,5043937584,0.08949542101513056,0.4853470687910522
2019-02-04,3467.21167,3476.223877,3442.586914,3459.154053,3459.154053,5332718886,0.0874206240681863,0.476410511457192
2019-02-05,3454.950928,3478.148193,3451.937012,3466.357422,3466.357422,5227549545,0.11837450239252012,0.47897220071808977
2019-02-06,3469.091797,3469.091797,3398.56543,3413.767822,3413.767822,5482196038,0.1317347425056569,0.488550534528161
2019-02-07,3414.929443,3427.945557,3394.218506,3399.47168,3399.47168,5004962683,0.11001332332319928,0.48554397344950784
2019-02-08,3401.376465,3695.614014,3391.023682,3666.780273,3666.780273,7735623101,0.11631431011358397,0.47725709226227897
2019-02-09,3671.585938,3679.941406,3646.559326,3671.203613,3671.203613,6158833645,0.08352569157801715,0.4715175061802969
2019-02-10,3673.201416,3695.036133,3640.97998,3690.188232,3690.188232,6282256903,0.08721169616134894,0.4611689647800759
2019-02-11,3695.613037,3695.613037,3642.287842,3648.430664,3648.430664,6277056434,0.12592002254368803,0.4759901552015177
2019-02-12,3642.751953,3668.586914,3618.556885,3653.528564,3653.528564,6480384532,0.1992139260136407,0.4681357202368403
2019-02-13,3653.604004,3669.746582,3617.246338,3632.070557,3632.070557,6438903823,0.18892764536987722,0.4593817522149541
2019-02-14,3631.170166,3646.256592,3607.697754,3616.880859,3616.880859,6271044418,0.18008649786427564,0.4603964040075151
2019-02-15,3617.368408,3647.795166,3608.206543,3620.810791,3620.810791,6091952231,0.17374216464709136,0.46648590370903076
2019-02-16,3615.270264,3652.841309,3615.270264,3629.787598,3629.787598,5934744052,0.13692788105558776,0.49558497422670655
2019-02-17,3633.359375,3680.537354,3619.182129,3673.836182,3673.836182,7039512503,0.15190955003720538,0.4674297882665514
2019-02-18,3671.369873,3936.665039,3669.982422,3915.714355,3915.714355,9908216640,0.19013243399281002,0.4669030982245268
2019-02-19,3911.661621,4010.879395,3908.153076,3947.094482,3947.094482,9933626655,0.1798816223884293,0.5054619065081112
2019-02-20,3946.685059,4000.486328,3926.246826,3999.820557,3999.820557,8693373948,0.16060645138794313,0.48135371380858744
2019-02-21,4000.256836,4010.009521,3940.108154,3954.118164,3954.118164,7775128102,0.17153662994938865,0.47438015092556535
2019-02-22,3952.406494,4006.53833,3950.816406,4005.526611,4005.526611,7826525254,0.15670629939154307,0.4860467386604571
2019-02-23,3998.91626,4166.286133,3968.726807,4142.526855,4142.526855,8922258316,0.15687394137049382,0.4868289112060156
2019-02-24,4145.458008,4210.641602,3793.708984,3810.42749,3810.42749,10794227451,0.1289176847442215,0.47841529959661827
2019-02-25,3807.002441,3913.707275,3807.002441,3882.696289,3882.696289,9318796067,0.16651250413731972,0.48766314515241554
2019-02-26,3878.697266,3891.578857,3837.986328,3854.35791,3854.35791,7931218996,0.18102526100295285,0.508752616971296
2019-02-27,3857.479736,3888.80249,3787.058838,3851.047363,3851.047363,8301309684,0.16958453086095548,0.5101524912995501
2019-02-28,3848.261963,3906.05835,3845.821289,3854.7854,3854.7854,8399767798,0.17994137859225323,0.5008761433739568
2019-03-01,3853.75708,3907.79541,3851.692383,3859.58374,3859.58374,7661247975,0.17558448660369533,0.5214786214040802
2019-03-02,3855.318115,3874.607422,3832.12793,3864.415039,3864.415039,7578786076,0.1504888543169793,0.5106993212548768
2019-03-03,3862.266113,3875.483643,3836.905762,3847.175781,3847.175781,7253558152,0.1874546053180103,0.4924555277553015
2019-03-04,3845.091553,3867.381836,3733.749756,3761.557129,3761.557129,9029175788,0.1513849052666317,0.4877643793260385
2019-03-05,3759.83252,3903.916748,3745.183105,3896.375,3896.375,10174126415,0.16246800386309315,0.4971381283881284
2019-03-06,3897.081055,3919.510498,3871.460693,3903.942627,3903.942627,9175291529,0.1374439133554533,0.4742779310118652
2019-03-07,3903.384766,3939.373291,3894.113037,3911.484375,3911.484375,9584165519,0.14503426754596194,0.4685841171563763
2019-03-08,3913.22583,3950.432129,3875.228516,3901.131592,3901.131592,10638638944,0.2181134022803165,0.49715514682708745
2019-03-09,3894.55249,3987.237793,3892.390381,3963.313721,3963.313721,10796103518,0.12763802592135004,0.4927121877426081
2019-03-10,3966.174316,3966.174316,3924.381104,3951.599854,3951.599854,9713267607,0.14916836409204828,0.512488021189337
2019-03-11,3953.740234,3966.384766,3889.239014,3905.227295,3905.227295,10125901903,0.14291341869223206,0.5101359051909761
2019-03-12,3903.758301,3926.88916,3863.559082,3909.15625,3909.15625,9809887079,0.1684453302954892,0.5067696680281426
2019-03-13,3913.047363,3926.597656,3891.904297,3906.717285,3906.717285,9469184841,0.16272174601770906,0.49502986507655766
2019-03-14,3905.576904,3946.504395,3901.296875,3924.369141,3924.369141,10480789570,0.15321084855773265,0.46533068263716104
2019-03-15,3926.66333,3968.542969,3914.015381,3960.911133,3960.911133,9394210605,0.13939882767658326,0.47776980208290115
2019-03-16,3963.900146,4077.036377,3961.657471,4048.72583,4048.72583,9856166973,0.14124452037132543,0.4868358937492511
2019-03-17,4047.719482,4054.12207,4006.411133,4025.229004,4025.229004,8221625400,0.21069210405814826,0.48561392635706657
2019-03-18,4029.968506,4071.556641,4009.117188,4032.507324,4032.507324,9646954186,0.2145449661892481,0.4955325211768981
2019-03-19,4032.691895,4082.216064,4023.8125,4071.190186,4071.190186,9344919956,0.17320697157682918,0.4697432103395316
2019-03-20,4070.793945,4089.461914,4031.11084,4087.476318,4087.476318,10175916388,0.15430442488542648,0.487856249719673
2019-03-21,4083.953857,4097.359863,4005.151367,4029.326904,4029.326904,10831212662,0.17435171250960063,0.4872868624804109
2019-03-22,4028.514648,4053.906738,4021.54248,4023.968262,4023.968262,9252935969,0.17419272731539304,0.49700649606082614
2019-03-23,4022.713379,4049.882568,4015.9646,4035.826416,4035.826416,9578850549,0.1393799141578404,0.4778974468667509
2019-03-24,4035.163574,4040.699707,4006.192871,4022.168213,4022.168213,9144851065,0.12832854930848758,0.4708685695877054
2019-03-25,4024.112793,4038.84082,3934.03125,3963.070557,3963.070557,10359818883,0.11509243427020244,0.46336184197386626
2019-03-26,3969.22876,3985.080811,3944.753174,3985.080811,3985.080811,10707678815,0.15824867619568425,0.4749274367511647
2019-03-27,3984.244873,4087.066162,3977.810547,4087.066162,4087.066162,10897131934,0.14354182016183237,0.4570185285067207
2019-03-28,4087.584473,4094.9021,4040.266357,4069.107178,4069.107178,9353915899,0.18102454019411213,0.5010182703144034
2019-03-29,4068.299805,4113.500977,4034.097168,4098.374512,4098.374512,10918665557,0.15079969913303248,0.4661653907487241
2019-03-30,4092.13623,4296.806641,4053.909668,4106.660156,4106.660156,9732688060,0.15389200074476078,0.4880561622920199
2019-03-31,4105.456055,4113.023438,4094.10083,4105.404297,4105.404297,9045122443,0.15627752839408904,0.44400827713816954
2019-04-01,4105.362305,4164.953125,4096.901367,4158.183105,4158.183105,10157794171,0.18047476705833848,0.4833647660276232
2019-04-02,4156.919434,4905.95459,4155.316895,4879.87793,4879.87793,21315047816,0.14799200612733535,0.47390171924984453
2019-04-03,4879.958008,5307.003418,4876.621094,4973.021973,4973.021973,22899891582,0.1694517374525568,0.47442968760464566
2019-04-04,4971.307617,5063.159668,4836.793945,4922.798828,4922.798828,18251810240,0.14465592399961955,0.4771907506056267
2019-04-05,4922.806152,5053.509766,4919.491699,5036.681152,5036.681152,16837325387,0.14614303079695612,0.48276776201519134
2019-04-06,5036.792969,5205.821777,4992.222168,5059.817383,5059.817383,16929795194,0.13647141253511447,0.4703625968049045
2019-04-07,5062.793945,5235.186523,5050.412109,5198.896973,5198.896973,16655416140,0.13710584533514597,0.4624837585006396
2019-04-08,5199.835449,5318.836426,5148.211914,5289.770996,5289.770996,17154113634,0.1978470868417297,0.48160492842967434
2019-04-09,5289.917969,5289.917969,5167.418945,5204.958496,5204.958496,14722104361,0.15824875607214747,0.45968679018047076
2019-04-10,5204.105469,5421.651367,5193.382324,5324.551758,5324.551758,15504590933,0.19540623103108704,0.47896702940933716
2019-04-11,5325.081543,5354.225586,5017.296387,5064.487793,5064.487793,16555616019,0.16193927408852482,0.4849686108771716
2019-04-12,5061.200684,5103.274414,4955.852539,5089.539063,5089.539063,13675206312,0.17938775159495074,0.4759675397032131
2019-04-13,5088.850098,5127.12207,5061.589355,5096.586426,5096.586426,10823289598,0.16590946957968203,0.4820771993652143
2019-04-14,5095.758789,5184.016113,5053.568359,5167.722168,5167.722168,10391952498,0.1398211591717916,0.46580076845553037
2019-04-15,5167.321777,5196.606934,5024.069336,5067.108398,5067.108398,12290155061,0.16503380843875962,0.4710251210797761
2019-04-16,5066.577637,5238.945313,5055.194824,5235.55957,5235.55957,11618660197,0.16953508004758006,0.47550097500097505
2019-04-17,5236.135254,5274.275391,5219.205566,5251.937988,5251.937988,12438480677,0.1559915259724911,0.47243228642638246
2019-04-18,5251.480469,5319.986328,5250.506836,5298.385742,5298.385742,13256489918,0.1633053048469158,0.48596924048545037
2019-04-19,5298.154297,5336.680176,5233.334961,5303.8125,5303.8125,13780238655,0.17784473008803367,0.4654688912278198
2019-04-20,5304.160645,5358.490723,5295.87793,5337.88623,5337.88623,13169647522,0.21557194148414194,0.4702545621117512
2019-04-21,5335.878906,5359.924805,5257.339355,5314.53125,5314.53125,13731844223,0.26023746767393824,0.5043299434117081
2019-04-22,5312.494629,5422.6875,5280.276855,5399.365234,5399.365234,14601631648,0.18313929353830422,0.4736807352772027
2019-04-23,5399.365723,5633.802246,5389.408691,5572.362305,5572.362305,15867308108,0.1993312617227961,0.4828217988246648
2019-04-24,5571.508301,5642.044434,5418.263184,5464.866699,5464.866699,17048033399,0.22373174752357083,0.4760869919206386
2019-04-25,5466.524414,5542.238281,5181.338867,5210.515625,5210.515625,15330283408,0.20972265894861244,0.4840463513522647
2019-04-26,5210.304688,5383.634277,5177.368652,5279.348145,5279.348145,16812108040,0.19233199252899638,0.49012070818642983
2019-04-27,5279.471191,5310.75,5233.635742,5268.291016,5268.291016,13111274675,0.17452956355019544,0.5091284972189668
2019-04-28,5271.746582,5326.231934,5255.683594,5285.13916,5285.13916,12819992056,0.1841825413805771,0.48122924726067584
2019-04-29,5284.858398,5311.274902,5216.487793,5247.352539,5247.352539,13735490672,0.21756217330376676,0.49211437953550363
2019-04-30,5247.726074,5363.257324,5224.189941,5350.726563,5350.726563,13878964574,0.226932690376653,0.5112198695718443
2019-05-01,5350.914551,5418.003906,5347.645996,5402.697266,5402.697266,13679528236,0.18469351230233683,0.49381355169973057
2019-05-02,5402.422852,5522.262695,5394.217285,5505.283691,5505.283691,14644460907,0.1892339505918855,0.4997307684315173
2019-05-03,5505.552246,5865.881836,5490.20166,5768.289551,5768.289551,18720780006,0.19956141278608405,0.47825170296706565
2019-05-04,5769.202637,5886.893555,5645.469238,5831.16748,5831.16748,17567780766,0.20787134505729365,0.49636714770978957
2019-05-05,5831.068359,5833.862793,5708.035156,5795.708496,5795.708496,14808830723,0.18794382903207607,0.46869277827507294
2019-05-06,5791.693359,5802.95752,5653.6875,5746.807129,5746.807129,15737171804,0.1852328739024319,0.4845104013904598
2019-05-07,5745.599121,5988.178223,5741.395996,5829.501465,5829.501465,18026409033,0.20041814081745915,0.46092110372792194
2019-05-08,5849.481445,5989.980957,5794.71582,5982.45752,5982.45752,15320605300,0.2029360280467366,0.49286118658460626
2019-05-09,5982.316406,6183.039063,5982.316406,6174.528809,6174.528809,16784645411,0.2042982049847271,0.49203729877113045
2019-05-10,6175.822754,6434.617676,6161.519043,6378.849121,6378.849121,19419875368,0.19914550135890635,0.5031028067637758
2019-05-11,6379.666992,7333.00293,6375.69873,7204.771484,7204.771484,28867562329,0.20961818796647502,0.509037716453359
2019-05-12,7203.507324,7503.87207,6815.770996,6972.371582,6972.371582,27773333680,0.21706962105787014,0.5035849881712471
2019-05-13,6971.178223,8047.413086,6898.282227,7814.915039,7814.915039,28677672181,0.2055697239181827,0.501826121346294
2019-05-14,7807.884277,8268.712891,7696.391113,7994.416016,7994.416016,32031452227,0.2037610198436111,0.5030328008853686
2019-05-15,7989.374512,8216.423828,7899.106934,8205.167969,8205.167969,28344112920,0.20660574393665737,0.5124804048653563
2019-05-16,8194.500977,8320.824219,7729.608398,7884.90918,7884.90918,33167197581,0.2276181564798123,0.5069601549655066
2019-05-17,7886.925781,7929.145508,7038.124512,7343.895508,7343.895508,30066644905,0.19695578492511626,0.5071258486355397
2019-05-18,7341.664551,7447.271973,7251.504395,7271.208008,7271.208008,21354286562,0.21578414401286253,0.5003937990892722
2019-05-19,7267.962891,8261.941406,7267.962891,8197.689453,8197.689453,25902422040,0.21528757238617327,0.5001916998991257
2019-05-20,8196.923828,8200.967773,7678.781738,7978.309082,7978.309082,23843404340,0.1934749235894443,0.5082868707072545
2019-05-21,7977.969238,8062.167969,7843.339844,7963.327637,7963.327637,25127245056,0.18622419920874853,0.5098531988577731
2019-05-22,7956.291992,7997.612305,7615.987305,7680.066406,7680.066406,24719473175,0.1981118210196106,0.4994868773701436
2019-05-23,7677.269043,7943.791504,7533.196777,7881.84668,7881.84668,24457107820,0.1950313544060195,0.4993732524797588
2019-05-24,7881.695313,8140.719727,7824.44873,7987.371582,7987.371582,25919126991,0.23065082228874575,0.5054850980821548
2019-05-25,7991.885254,8117.925781,7965.976074,8052.543945,8052.543945,22256813107,0.21871639974183688,0.5128345945495818
2019-05-26,8055.206055,8687.520508,7924.67041,8673.21582,8673.21582,26677970091,0.20495053693311036,0.5148076411123342
2019-05-27,8674.072266,8907.174805,8668.705078,8805.77832,8805.77832,27949839564,0.20604760280562665,0.5072744156892928
2019-05-28,8802.757813,8807.016602,8634.72168,8719.961914,8719.961914,24226919267,0.20969539396577688,0.5173135483627962
2019-05-29,8718.591797,8755.852539,8482.728516,8659.487305,8659.487305,23473479966,0.19713443172598707,0.5026747665556152
2019-05-30,8661.760742,9008.314453,8221.273438,8319.472656,8319.472656,29246528551,0.19233396846607909,0.4940405422794846
2019-05-31,8320.286133,8586.65918,8172.550781,8574.501953,8574.501953,25365190957,0.1933200805485258,0.4965416606824619
2019-06-01,8573.839844,8625.600586,8481.578125,8564.016602,8564.016602,22488303544,0.21465080819243626,0.4947003332131502
2019-06-02,8565.473633,8809.303711,8561.235352,8742.958008,8742.958008,20266216022,0.20032021634972622,0.4884756002632809
2019-06-03,8741.74707,8743.5,8204.185547,8208.995117,8208.995117,22004511436,0.1931696965585926,0.4863059404127776
2019-06-04,8210.985352,8210.985352,7564.48877,7707.770996,7707.770996,24609731549,0.18579272640206637,0.5032305000634597
2019-06-05,7704.343262,7901.849121,7668.668457,7824.231445,7824.231445,21760923463,0.18906158505718682,0.5006859594244998
2019-06-06,7819.633301,7937.34082,7571.471191,7822.023438,7822.023438,19474611077,0.19146955578254476,0.5009729151688369
2019-06-07,7826.901367,8126.15332,7788.373535,8043.951172,8043.951172,19141423231,0.1994493219061071,0.4990874219564929
2019-06-08,8036.774902,8076.891113,7837.61084,7954.12793,7954.12793,16522722810,0.20323972076164878,0.4973550930297054
2019-06-09,7949.674805,7975.974121,7583.219727,7688.077148,7688.077148,16610726547,0.2011796611885907,0.512687784052782
2019-06-10,7692.284668,8031.909668,7586.730957,8000.32959,8000.32959,18689275117,0.20621916189620176,0.5089326139578794
2019-06-11,8004.243652,8026.394043,7772.803711,7927.714355,7927.714355,17107279932,0.20418955767374805,0.500854006576339
2019-06-12,7925.434082,8196.648438,7862.359863,8145.857422,8145.857422,19034432883,0.21322482386339925,0.4937647837766442
2019-06-13,8145.54541,8311.567383,8087.061035,8230.923828,8230.923828,18669407147,0.20852595200094515,0.49704917779741165
2019-06-14,8230.898438,8710.636719,8183.393066,8693.833008,8693.833008,19831162906,0.19965506744436928,0.500327485921785
2019-06-15,8689.746094,8859.12793,8618.395508,8838.375,8838.375,18371033226,0.19489123898095004,0.5025891611903858
2019-06-16,8841.44043,9335.867188,8814.556641,8994.488281,8994.488281,23348550311,0.20311720077603168,0.5069508258659182
2019-06-17,8988.923828,9416.407227,8988.923828,9320.352539,9320.352539,15562951919,0.1914083085673218,0.5013764747183448
2019-06-18,9335.466797,9348.374023,9004.901367,9081.762695,9081.762695,15848210536,0.1978990831020987,0.49828520322088876
2019-06-19,9078.727539,9299.621094,9070.395508,9273.521484,9273.521484,15546809946,0.20071465709807693,0.5005720289110538
2019-06-20,9273.060547,9594.419922,9232.484375,9527.160156,9527.160156,17846823784,0.2057281116640723,0.5067372068163791
2019-06-21,9525.074219,10144.556641,9525.074219,10144.556641,10144.556641,20624008643,0.1971325084857911,0.5097152836778922
2019-06-22,10175.923828,11157.345703,10107.035156,10701.691406,10701.691406,29995204861,0.18295174500338382,0.5061118854039737
2019-06-23,10696.691406,11246.144531,10556.095703,10855.371094,10855.371094,20998326502,0.20327245294254812,0.5063292116693169
2019-06-24,10853.744141,11065.896484,10610.427734,11011.102539,11011.102539,19271652365,0.20654984091309014,0.5041800518009147
2019-06-25,11007.202148,11790.916992,11007.202148,11790.916992,11790.916992,24879684533,0.19844438114078922,0.5009219106607953
